código_do_plano_de_contas;código_do_período;descriçăo_do_plano_de_contas; anterior ; débito ; crédito ; atual ; movimento ;início;fim; ukey ;código_auxiliar;períodos_contábeis;tipo_de_período;tipo;origem
1;2501;ATIVO; 24.342.020,96 ; 92.842.915,45 ; 94.057.408,79 ; 23.127.527,62 ; M ;01/01/2025 00:00;31/01/2025 00:00; 20171004OK5TX00OQRJZ ;1;20250228PHYYBI0QZJ3T;1;1;1
11;2501;ATIVO CIRCULANTE; 12.213.016,21 ; 92.575.360,54 ; 93.424.569,66 ; 11.363.807,09 ; M ;01/01/2025 00:00;31/01/2025 00:00; 20171004OK5TX00OQZ9E ;2;20250228PHYYBI0QZJ3T;1;1;1
1101;2501;DISPONÍVEL; 7.305.989,10 ; 68.291.650,17 ; 69.718.616,07 ; 5.879.023,20 ; M ;01/01/2025 00:00;31/01/2025 00:00; 20171004OK5TX00OQZ9F ;3;20250228PHYYBI0QZJ3T;1;1;1
110101;2501;NUMERÁRIOS EM CAIXA; 41.471,53 ; 2.153.019,80 ; 2.132.043,86 ; 62.447,47 ; M ;01/01/2025 00:00;31/01/2025 00:00; 20171004OK5TX00OQZ9G ;4;20250228PHYYBI0QZJ3T;1;1;1
1101010001;2501;CAIXA REAL; 17.347,16 ; 2.153.019,80 ; 2.132.043,86 ; 38.323,10 ; M ;01/01/2025 00:00;31/01/2025 00:00; 20171004OK5TX00OQZ9H ;5;20250228PHYYBI0QZJ3T;1;2;1
1101010007;2501;CAIXA DE OPERAÇŐES; 24.124,37 ; -   ; -   ; 24.124,37 ; M ;01/01/2025 00:00;31/01/2025 00:00; 20171004OK5TX00OQZ9N ;11;20250228PHYYBI0QZJ3T;1;2;1
110102;2501;BANCOS CONTA MOVIMENTO; 1.439.890,13 ; 43.201.707,27 ; 43.555.711,26 ; 1.085.886,14 ; M ;01/01/2025 00:00;31/01/2025 00:00; 20171004OK5TX00OQZ9Q ;25;20250228PHYYBI0QZJ3T;1;1;1
1101020001;2501;BRADESCO S/A - AG. 3232-8 C/C 7786-0; 205.452,77 ; 19.941.406,74 ; 21.005.172,47 ;-858.312,96 ; M ;01/01/2025 00:00;31/01/2025 00:00; 20171004OK5TX00OQZ9R ;26;20250228PHYYBI0QZJ3T;1;2;1
1101020018;2501;BANCO RENDIMENTO S.A.; 430.464,62 ; 7.429.753,38 ; 6.939.138,29 ; 921.079,71 ; M ;01/01/2025 00:00;31/01/2025 00:00; 20171004OK5TX00OQZA8 ;43;20250228PHYYBI0QZJ3T;1;2;1
1101020070;2512;CREDITOS NĂO IDENTIFICADOS; -   ; -   ; 2.384,08 ;-2.384,08 ; M ;01/12/2025 00:00;31/12/2025 00:00; 20171004OK5TX00OQZBO ;95;20251218TAWMZN0PFUOJ;1;2;1
1101020090;2501;BANCO SANTANDER AG. 3934 C/C 29-000047-7; -   ; 233.179,53 ; 233.179,53 ; -   ; M ;01/01/2025 00:00;31/01/2025 00:00; 20171004OK5TX00OQZC8 ;115;20250228PHYYBI0QZJ3T;1;2;1
1101020243;2501;BANCO RENDIMENTO USD; 91.799,39 ; 6.290.408,47 ; 5.927.711,57 ; 454.496,29 ; M ;01/01/2025 00:00;31/01/2025 00:00; 20180426OK5TXQ0M5OHI ;6006;20250228PHYYBI0QZJ3T;1;2;1
1101020725;2501;CAIXA ECONOMICA FEDERAL AG 1707 CC 2300-1; 637.409,19 ; 8.079.958,08 ; 8.145.666,67 ; 571.700,60 ; M ;01/01/2025 00:00;31/01/2025 00:00; 20200818TAB85B0W5W6C ;24;20250228PHYYBI0QZJ3T;1;2;1
1101027257;2501;BANCO SANTANDER AG 3934 CC 130042304; 74.764,16 ; 1.227.001,07 ; 1.302.458,65 ;-693,42 ; M ;01/01/2025 00:00;31/01/2025 00:00; 20220823TAB85T0RH43T ;349;20250228PHYYBI0QZJ3T;1;2;1
110103;2508;APLICAÇŐES FINANCEIRAS; -   ; 37.142,22 ; 953.000,00 ;-915.857,78 ; M ;01/08/2025 00:00;31/08/2025 00:00; 20171004OK5TX00OQZFV ;260;20250826TCBOOH12IEZK;1;1;1
1101030009;2508;BANCO SANTANDER APLICAÇĂO FINANCEIRA; -   ; 112,40 ; -   ; 112,40 ; M ;01/08/2025 00:00;31/08/2025 00:00; 20171004OK5TX00OQZG4 ;269;20250826TCBOOH12IEZK;1;2;1
1101030018;2508;BANCO RENDIMENTO APLICAÇĂO FINANCEIRA; -   ; 37.029,82 ; 953.000,00 ;-915.970,18 ; M ;01/08/2025 00:00;31/08/2025 00:00; 20171004OK5TX00OQZGD ;278;20250826TCBOOH12IEZK;1;2;1
110104;2501;CARTŐES DE CRÉDITO; 938.942,55 ; 1.888.840,38 ; 1.892.931,11 ; 934.851,82 ; M ;01/01/2025 00:00;31/01/2025 00:00; 20171004OK5TX00OQZGP ;300;20250228PHYYBI0QZJ3T;1;1;1
1101040003;2501;CARTĂO DE CREDITO MASTERCARD; 938.942,55 ; 1.888.840,38 ; 1.892.931,11 ; 934.851,82 ; M ;01/01/2025 00:00;31/01/2025 00:00; 20171004OK5TX00OQZGS ;303;20250228PHYYBI0QZJ3T;1;2;1
110106;2501;CONTAS A RECEBER (CLIENTES); 4.885.684,89 ; 21.010.940,50 ; 21.184.929,84 ; 4.711.695,55 ; M ;01/01/2025 00:00;31/01/2025 00:00; 20171004OK5TX00OQZGZ ;320;20250228PHYYBI0QZJ3T;1;1;1
1101060001;2501;DUPLICATAS A RECEBER; 1.763.363,01 ; 10.202.716,91 ; 9.530.040,02 ; 2.436.039,90 ; M ;01/01/2025 00:00;31/01/2025 00:00; 20171004OK5TX00OQZH0 ;321;20250228PHYYBI0QZJ3T;1;2;1
1101060198;2501;EAGLE TRAVEL; -   ; 52.667,00 ; 52.667,00 ; -   ; M ;01/01/2025 00:00;31/01/2025 00:00; 20171004OK5TX00OQZMH ;518;20250228PHYYBI0QZJ3T;1;2;1
1101060350;2501;BLUMAR VIAGENS E TURISMO; 17.810,69 ; 179.649,50 ; 198.532,99 ;-1.072,80 ; M ;01/01/2025 00:00;31/01/2025 00:00; 20171004OK5TX00OQZQP ;670;20250228PHYYBI0QZJ3T;1;2;1
1101060364;2505;CASTELO VIAGENS; -   ; 3.174,00 ; 3.174,00 ; -   ; M ;01/05/2025 00:00;31/05/2025 00:00; 20171004OK5TX00OQZR3 ;684;20250626TCBOOS1DN1C3;1;2;1
1101060371;2501;DEL BIANCO TOUR OPERATOR; 3.048,00 ; 47.111,00 ; 49.813,00 ; 346,00 ; M ;01/01/2025 00:00;31/01/2025 00:00; 20171004OK5TX00OQZRA ;691;20250228PHYYBI0QZJ3T;1;2;1
1101060376;2505;ECOLOGY TOUR; -   ; 34.934,40 ; 34.934,40 ; -   ; M ;01/05/2025 00:00;31/05/2025 00:00; 20171004OK5TX00OQZRF ;696;20250626TCBOOS1DN1C3;1;2;1
1101060377;2501;ELCOTOUR BRASIL; -   ; 1.228,00 ; 1.228,00 ; -   ; M ;01/01/2025 00:00;31/01/2025 00:00; 20171004OK5TX00OQZRG ;697;20250228PHYYBI0QZJ3T;1;2;1
1101060386;2503;GREEN TRAVEL; -   ; 3.400,00 ; 3.400,00 ; -   ; M ;01/03/2025 00:00;31/03/2025 00:00; 20171004OK5TX00OQZRP ;706;20250428VZYUW511CXDL;1;2;1
1101060392;2501;ITALCAMBIO TURISMO; -   ; 3.389,00 ; 3.389,00 ; -   ; M ;01/01/2025 00:00;31/01/2025 00:00; 20171004OK5TX00OQZRV ;712;20250228PHYYBI0QZJ3T;1;2;1
1101060397;2501;LATC TURISMO; -   ; 33.300,00 ; 33.300,00 ; -   ; M ;01/01/2025 00:00;31/01/2025 00:00; 20171004OK5TX00OQZS0 ;717;20250228PHYYBI0QZJ3T;1;2;1
1101060399;2510;LIBERTY INTERNATIONAL DO BRASIL; -   ; 2.764,00 ; 2.764,00 ; -   ; M ;01/10/2025 00:00;31/10/2025 00:00; 20171004OK5TX00OQZS2 ;719;20251023TAWMZ30M9PTQ;1;2;1
1101060422;2502;PROMOTIONAL; -   ; 28.648,00 ; 27.420,00 ; 1.228,00 ; M ;01/02/2025 00:00;28/02/2025 00:00; 20171004OK5TX00OQZSP ;742;20250228PHYYBI0QZU6J;1;2;1
1101060430;2501;QUIMBAYA TOURS TURISMO; -   ; 6.717,00 ; 6.717,00 ; -   ; M ;01/01/2025 00:00;31/01/2025 00:00; 20171004OK5TX00OQZSX ;750;20250228PHYYBI0QZJ3T;1;2;1
1101060436;2501;RENTAMAR TURISMO; 2.544,00 ; 18.218,00 ; 19.402,00 ; 1.360,00 ; M ;01/01/2025 00:00;31/01/2025 00:00; 20171004OK5TX00OQZT3 ;756;20250228PHYYBI0QZJ3T;1;2;1
1101060444;2501;SAS PLUS; -   ; 15.710,00 ; 14.350,00 ; 1.360,00 ; M ;01/01/2025 00:00;31/01/2025 00:00; 20171004OK5TX00OQZTB ;764;20250228PHYYBI0QZJ3T;1;2;1
1101060445;2501;SHERATON RIO HOTEL RESORTS; 32.339,65 ; 307.407,21 ; 339.746,86 ; -   ; M ;01/01/2025 00:00;31/01/2025 00:00; 20171004OK5TX00OQZTC ;765;20250228PHYYBI0QZJ3T;1;2;1
1101060453;2501;TURISMO CLASSICO; -   ; 5.198,00 ; 5.198,00 ; -   ; M ;01/01/2025 00:00;31/01/2025 00:00; 20171004OK5TX00OQZTK ;773;20250228PHYYBI0QZJ3T;1;2;1
1101060457;2501;TOURMED OPERADORA DE TURISMO; 10.627,20 ; 283.429,40 ; 292.559,40 ; 1.497,20 ; M ;01/01/2025 00:00;31/01/2025 00:00; 20171004OK5TX00OQZTO ;777;20250228PHYYBI0QZJ3T;1;2;1
1101060459;2504;TAKE TOURS RJ; -   ; 1.381,79 ; 1.381,79 ; -   ; M ;01/04/2025 00:00;30/04/2025 00:00; 20171004OK5TX00OQZTQ ;779;20250626TCBOOS1DMLNX;1;2;1
1101060462;2501;THE TREE AGENCIAS DE VIAGENS; 5.929,50 ; -   ; -   ; 5.929,50 ; M ;01/01/2025 00:00;31/01/2025 00:00; 20171004OK5TX00OQZTT ;782;20250228PHYYBI0QZJ3T;1;2;1
1101060476;2502;WAY TOGO GROUP INCOMING DEPARTAMENT; -   ; 4.087,40 ; 4.087,40 ; -   ; M ;01/02/2025 00:00;28/02/2025 00:00; 20171004OK5TX00OQZU7 ;796;20250228PHYYBI0QZU6J;1;2;1
1101060495;2501;GM TRAVEL; 3.848,00 ; 59.814,00 ; 60.288,00 ; 3.374,00 ; M ;01/01/2025 00:00;31/01/2025 00:00; 20171004OK5TX00OQZUQ ;815;20250228PHYYBI0QZJ3T;1;2;1
1101060508;2501;VENDA TD DESK; 303.515,34 ; 2.809.553,95 ; 2.852.101,18 ; 260.968,11 ; M ;01/01/2025 00:00;31/01/2025 00:00; 20171004OK5TX00OQZV3 ;828;20250228PHYYBI0QZJ3T;1;2;1
1101060517;2502;TOURS GONE WILD; -   ; 6.120,00 ; -   ; 6.120,00 ; M ;01/02/2025 00:00;28/02/2025 00:00; 20171004OK5TX00OQZVC ;837;20250228PHYYBI0QZU6J;1;2;1
1101060519;2501;DIO BERKANA MARKETING COMUNICACAO VIAGENS E CONGRESSOS LTDA; 1.390,00 ; 26.108,00 ; 27.498,00 ; -   ; M ;01/01/2025 00:00;31/01/2025 00:00; 20171004OK5TX00OQZVE ;839;20250228PHYYBI0QZJ3T;1;2;1
1101060522;2501;JOURNEYS AGENCIA DE VIAGENS; 13.020,01 ; 245.865,86 ; 258.876,87 ; 9,00 ; M ;01/01/2025 00:00;31/01/2025 00:00; 20171004OK5TX00OQZVH ;842;20250228PHYYBI0QZJ3T;1;2;1
1101060525;2503;CLIENTE DIRETO; -   ; -   ; 510,85 ;-510,85 ; M ;01/03/2025 00:00;31/03/2025 00:00; 20171004OK5TX00OQZVK ;845;20250428VZYUW511CXDL;1;2;1
1101060563;2501;NANO TURISMO E SERVIÇOS DIGITAIS EIRELI; 16.128,02 ; 149.381,69 ; 168.001,21 ;-2.491,50 ; M ;01/01/2025 00:00;31/01/2025 00:00; 20171004OK5TX00OQZWM ;883;20250228PHYYBI0QZJ3T;1;2;1
1101060629;2501;GRAYLINE.COM; 243.874,51 ; -   ; -   ; 243.874,51 ; M ;01/01/2025 00:00;31/01/2025 00:00; 20171004OK5TX00OQZYG ;949;20250228PHYYBI0QZJ3T;1;2;1
1101060637;2501;VIATOR; 1.016.977,09 ; 3.165.552,42 ; 3.392.123,16 ; 790.406,35 ; M ;01/01/2025 00:00;31/01/2025 00:00; 20171004OK5TX00OQZYO ;957;20250228PHYYBI0QZJ3T;1;2;1
1101060643;2501;GET YOUR GUIDE; 111.353,82 ; 929.246,55 ; 925.821,86 ; 114.778,51 ; M ;01/01/2025 00:00;31/01/2025 00:00; 20171004OK5TX00OQZYU ;963;20250228PHYYBI0QZJ3T;1;2;1
1101060646;2501;SHORE EXCURSIONS; 217.247,13 ; 151.524,22 ; 255.849,79 ; 112.921,56 ; M ;01/01/2025 00:00;31/01/2025 00:00; 20171004OK5TX00OQZYX ;966;20250228PHYYBI0QZJ3T;1;2;1
1101060647;2501;MLT VACATION; 15.740,12 ; -   ; -   ; 15.740,12 ; M ;01/01/2025 00:00;31/01/2025 00:00; 20171004OK5TX00OQZYY ;967;20250228PHYYBI0QZJ3T;1;2;1
1101060648;2501;CEETIZ; 6.344,07 ; 2.491,19 ; -   ; 8.835,26 ; M ;01/01/2025 00:00;31/01/2025 00:00; 20171004OK5TX00OQZYZ ;968;20250228PHYYBI0QZJ3T;1;2;1
1101060651;2501;VELTRA CORPORATION; 18.606,72 ; 65.335,86 ; 58.713,47 ; 25.229,11 ; M ;01/01/2025 00:00;31/01/2025 00:00; 20171004OK5TX00OQZZ2 ;971;20250228PHYYBI0QZJ3T;1;2;1
1101060665;2501;AMERICAN AIRLINES; 353.364,00 ; 843.772,00 ; 1.197.136,00 ; -   ; M ;01/01/2025 00:00;31/01/2025 00:00; 20171004OK5TX00OQZZG ;985;20250228PHYYBI0QZJ3T;1;2;1
1101060668;2501;PASSION (EXCLUZIVE); 5.534,00 ; 155.154,00 ; 159.834,00 ; 854,00 ; M ;01/01/2025 00:00;31/01/2025 00:00; 20171011OK5TX70XX9EH ;988;20250228PHYYBI0QZJ3T;1;2;1
1101060669;2501;SAT TOURS (ISATA); -   ; 139.860,50 ; 139.860,50 ; -   ; M ;01/01/2025 00:00;31/01/2025 00:00; 20171011OK5TX70XX9EI ;989;20250228PHYYBI0QZJ3T;1;2;1
1101060670;2501;IDEIA TOUR (VAN STEEN); 2.458,00 ; 138.640,50 ; 141.098,50 ; -   ; M ;01/01/2025 00:00;31/01/2025 00:00; 20171011OK5TX70XX9EJ ;990;20250228PHYYBI0QZJ3T;1;2;1
1101060672;2501;TRAVELSCAPE; 354.424,32 ; 297.796,39 ; 341.433,98 ; 310.786,73 ; M ;01/01/2025 00:00;31/01/2025 00:00; 20171011OK5TX70XX9EL ;992;20250228PHYYBI0QZJ3T;1;2;1
1101060676;2501;MUSEMENT SPA; 89.899,35 ; 182.311,56 ; 196.060,92 ; 76.149,99 ; M ;01/01/2025 00:00;31/01/2025 00:00; 20171011OK5TX70XX9EP ;996;20250228PHYYBI0QZJ3T;1;2;1
1101060685;2501;HAPPY TO VISIT; 668,55 ; -   ; -   ; 668,55 ; M ;01/01/2025 00:00;31/01/2025 00:00; 20180413OK5TXD13YGUC ;1005;20250228PHYYBI0QZJ3T;1;2;1
1101060689;2501;PROJECTEXPEDITION; 5.978,36 ; -   ; -   ; 5.978,36 ; M ;01/01/2025 00:00;31/01/2025 00:00; 20180413OK5TXD140E48 ;1009;20250228PHYYBI0QZJ3T;1;2;1
1101060707;2501;PEGASUS DO BRASIL; 1.272,00 ; 34.683,00 ; 33.235,00 ; 2.720,00 ; M ;01/01/2025 00:00;31/01/2025 00:00; 20180828TAB8560JH3GB ;1027;20250228PHYYBI0QZJ3T;1;2;1
1101060711;2501;CIVITATIS TOUR; 12,59 ; -   ; -   ; 12,59 ; M ;01/01/2025 00:00;31/01/2025 00:00; 20180828TAB8560K0IO8 ;1031;20250228PHYYBI0QZJ3T;1;2;1
1101060718;2501;BRASIL COOL TURISMO LTDA; 4.686,00 ; 36.740,20 ; 41.121,20 ; 305,00 ; M ;01/01/2025 00:00;31/01/2025 00:00; 20181109TAB8570XX5U7 ;1038;20250228PHYYBI0QZJ3T;1;2;1
1101060737;2502;BEBRAZIL DMC VIAGENS E TURISMO; -   ; 26.033,72 ; 26.033,72 ; -   ; M ;01/02/2025 00:00;28/02/2025 00:00; 20191118TAB85N0U8G8F ;1057;20250228PHYYBI0QZU6J;1;2;1
1101060738;2501;TIQETS INTERNATIONAL; 263.680,84 ; 309.824,28 ; 285.226,77 ; 288.278,35 ; M ;01/01/2025 00:00;31/01/2025 00:00; 20191118TAB85N0U9C6S ;1058;20250228PHYYBI0QZJ3T;1;2;1
1102;2501;ADIANTAMENTOS; 68.197,12 ; 23.983.710,37 ; 23.705.953,59 ; 345.953,90 ; M ;01/01/2025 00:00;31/01/2025 00:00; 20171004OK5TX00OQZZH ;1110;20250228PHYYBI0QZJ3T;1;1;1
110201;2501;ADIANTAMENTO A FUNCIONARIOS; -   ; 208.340,83 ; 241.109,09 ;-32.768,26 ; M ;01/01/2025 00:00;31/01/2025 00:00; 20171004OK5TX00OQZZI ;1111;20250228PHYYBI0QZJ3T;1;1;1
1102010001;2504;ADIANTAMENTO DE 13ş SALÁRIO; -   ; 21.777,00 ; 5.781,00 ; 15.996,00 ; M ;01/04/2025 00:00;30/04/2025 00:00; 20171004OK5TX00OQZZJ ;1112;20250626TCBOOS1DMLNX;1;2;1
1102010002;2503;ADIANTAMENTO DE FÉRIAS; -   ; 76.420,64 ; 76.420,64 ; -   ; M ;01/03/2025 00:00;31/03/2025 00:00; 20171004OK5TX00OQZZK ;1113;20250428VZYUW511CXDL;1;2;1
1102010003;2501;ADIANTAMENTOS DE SALARIOS; -   ; 108.103,19 ; 150.967,45 ;-42.864,26 ; M ;01/01/2025 00:00;31/01/2025 00:00; 20171004OK5TX00OQZZL ;1114;20250228PHYYBI0QZJ3T;1;2;1
1102010004;2501;EMPRESTIMOS A FUNCIONARIOS; -   ; -   ; 5.900,00 ;-5.900,00 ; M ;01/01/2025 00:00;31/01/2025 00:00; 20171004OK5TX00OQZZM ;1115;20250228PHYYBI0QZJ3T;1;2;1
1102010015;2511;QUICKLY TRAVEL AGENCIA; -   ; 2.040,00 ; 2.040,00 ; -   ; M ;01/11/2025 00:00;30/11/2025 00:00; 20190730TAB85K0SP7V4 ;1160;20251112TAWMZN133Y5W;1;2;1
110202;2501;ADIANTAMENTO A FORNECEDORES; 68.197,12 ; 23.775.369,54 ; 23.464.844,50 ; 378.722,16 ; M ;01/01/2025 00:00;31/01/2025 00:00; 20171004OK5TX00OQZZT ;1130;20250228PHYYBI0QZJ3T;1;1;1
1102020012;2505;A TO Z TOURS TURISMO LTDA.; -   ; 350,00 ; 350,00 ; -   ; M ;01/05/2025 00:00;31/05/2025 00:00; 20171004OK5TX00OR005 ;1142;20250626TCBOOS1DN1C3;1;2;1
1102020025;2501;FORNECEDORES - PAGAMENTOS; 37.097,58 ; 23.775.019,54 ; 23.464.494,50 ; 347.622,62 ; M ;01/01/2025 00:00;31/01/2025 00:00; 20171004OK5TX00OR00I ;1155;20250228PHYYBI0QZJ3T;1;2;1
1102020026;2501;ADIANTAMENTO A FORNECEDORES; 31.099,54 ; -   ; -   ; 31.099,54 ; M ;01/01/2025 00:00;31/01/2025 00:00; 20190411TAB85I0OZR87 ;1156;20250228PHYYBI0QZJ3T;1;2;1
1103;2501;IMPOSTOS E CONTRIBUIÇŐES A RECUPERAR; 11.511,72 ; -   ; -   ; 11.511,72 ; M ;01/01/2025 00:00;31/01/2025 00:00; 20171004OK5TX00OR00J ;1170;20250228PHYYBI0QZJ3T;1;1;1
110301;2501;IMPOSTOS A RECUPERAR; 11.511,72 ; -   ; -   ; 11.511,72 ; M ;01/01/2025 00:00;31/01/2025 00:00; 20171004OK5TX00OR00K ;1171;20250228PHYYBI0QZJ3T;1;1;1
1103010001;2501;IRRF S/REND. APLICAÇŐES FINANCEIRAS; 11.511,72 ; -   ; -   ; 11.511,72 ; M ;01/01/2025 00:00;31/01/2025 00:00; 20171004OK5TX00OR00L ;1172;20250228PHYYBI0QZJ3T;1;2;1
1104;2501;OUTRAS CONTAS A RECEBER; 4.827.318,27 ; 300.000,00 ; -   ; 5.127.318,27 ; M ;01/01/2025 00:00;31/01/2025 00:00; 20171004OK5TX00OR01D ;1220;20250228PHYYBI0QZJ3T;1;1;1
110401;2512;CONTAS A RECEBER; -   ; 300.000,00 ; -   ; 300.000,00 ; M ;01/12/2025 00:00;31/12/2025 00:00; 20171004OK5TX00OR01E ;1221;20251218TAWMZN0PFUOJ;1;1;1
1104010022;2512;ADIANTAMENTO A SOCIO; -   ; 300.000,00 ; -   ; 300.000,00 ; M ;01/12/2025 00:00;31/12/2025 00:00; 20171004OK5TX00OR020 ;1243;20251218TAWMZN0PFUOJ;1;2;1
110402;2501;C/C INTERCIAS; 4.827.318,27 ; -   ; -   ; 4.827.318,27 ; M ;01/01/2025 00:00;31/01/2025 00:00; 20171004OK5TX00OR03N ;1330;20250228PHYYBI0QZJ3T;1;1;1
1104020026;2501;PREMIUM; 4.292.318,27 ; -   ; -   ; 4.292.318,27 ; M ;01/01/2025 00:00;31/01/2025 00:00; 20171004OK5TX00OR04D ;1356;20250228PHYYBI0QZJ3T;1;2;1
1104020033;2501;PALLAS OPERADORA TURISTICA LTDA; 535.000,00 ; -   ; -   ; 535.000,00 ; M ;01/01/2025 00:00;31/01/2025 00:00; 20171004OK5TX00OR04K ;1363;20250228PHYYBI0QZJ3T;1;2;1
12;2501;ATIVO NĂO CIRCULANTE; 12.129.004,75 ; 267.554,91 ; 632.839,13 ; 11.763.720,53 ; M ;01/01/2025 00:00;31/01/2025 00:00; 20171004OK5TX00OR05X ;1500;20250228PHYYBI0QZJ3T;1;1;1
1201;2501;REALIZÁVEL A LONGO PRAZO; 11.681.194,16 ; 2.388,20 ; 75,10 ; 11.683.507,26 ; M ;01/01/2025 00:00;31/01/2025 00:00; 20171004OK5TX00OR05Y ;1501;20250228PHYYBI0QZJ3T;1;1;1
120107;2501;INVESTIMENTOS; 11.681.194,16 ; 2.388,20 ; 75,10 ; 11.683.507,26 ; M ;01/01/2025 00:00;31/01/2025 00:00; 20171004OK5TX00OR08K ;1630;20250228PHYYBI0QZJ3T;1;1;1
1201070018;2504;INVESTIMENTOS; -   ; 2.388,20 ; 75,10 ; 2.313,10 ; M ;01/04/2025 00:00;30/04/2025 00:00; 20190913LXNUNT0Y4FIO ;1648;20250626TCBOOS1DMLNX;1;2;1
1201070019;2501;INVESTIMENTO - TVEX; 11.681.194,16 ; -   ; -   ; 11.681.194,16 ; M ;01/01/2025 00:00;31/01/2025 00:00; 20211222TAB85Z10YVJI ;1649;20250228PHYYBI0QZJ3T;1;2;1
1203;2501;IMOBILIZADO; 447.810,59 ; 265.166,71 ; 632.764,03 ; 80.213,27 ; M ;01/01/2025 00:00;31/01/2025 00:00; 20171004OK5TX00OR09C ;1690;20250228PHYYBI0QZJ3T;1;1;1
120301;2501;BENS EM OPERAÇĂO; 384.245,88 ; 140.000,00 ; 495.000,00 ; 29.245,88 ; M ;01/01/2025 00:00;31/01/2025 00:00; 20171004OK5TX00OR09D ;1691;20250228PHYYBI0QZJ3T;1;1;1
1203010035;2501;IMPRESSORAS/COPIADORAS; 1.540,00 ; -   ; -   ; 1.540,00 ; M ;01/01/2025 00:00;31/01/2025 00:00; 20171004OK5TX00OR0AC ;1726;20250228PHYYBI0QZJ3T;1;2;1
1203010039;2501;VEICULOS; 355.000,00 ; 140.000,00 ; 495.000,00 ; -   ; M ;01/01/2025 00:00;31/01/2025 00:00; 20171004OK5TX00OR0AG ;1730;20250228PHYYBI0QZJ3T;1;2;1
1203010040;2501;MÓVEIS, UTENSÍLIOS E INSTALAÇŐES; 7.140,35 ; -   ; -   ; 7.140,35 ; M ;01/01/2025 00:00;31/01/2025 00:00; 20171004OK5TX00OR0AH ;1731;20250228PHYYBI0QZJ3T;1;2;1
1203010041;2501;EQUIPAMENTOS DE INFORMÁTICA; 20.565,53 ; -   ; -   ; 20.565,53 ; M ;01/01/2025 00:00;31/01/2025 00:00; 20171004OK5TX00OR0AI ;1732;20250228PHYYBI0QZJ3T;1;2;1
120302;2501;(-) DEPRECIAÇŐES ACUMULADAS;-25.080,55 ; 124.166,71 ; 124.880,71 ;-25.794,55 ; M ;01/01/2025 00:00;31/01/2025 00:00; 20171004OK5TX00OR0AM ;1800;20250228PHYYBI0QZJ3T;1;1;1
1203020013;2501;(-) DEPRC. VEICULOS; -   ; 124.166,71 ; 124.166,71 ; -   ; M ;01/01/2025 00:00;31/01/2025 00:00; 20171004OK5TX00OR0AZ ;1813;20250228PHYYBI0QZJ3T;1;2;1
1203020021;2501;(-) DEPRECIACAO MÓVEIS, UTENSÍLIOS E INSTALAÇŐES;-2.975,02 ; -   ; 714,00 ;-3.689,02 ; M ;01/01/2025 00:00;31/01/2025 00:00; 20171004OK5TX00OR0B7 ;1821;20250228PHYYBI0QZJ3T;1;2;1
1203020022;2501;(-) DEPRECIACAO EQUIPAMENTOS DE INFORMÁTICA;-22.105,53 ; -   ; -   ;-22.105,53 ; M ;01/01/2025 00:00;31/01/2025 00:00; 20171004OK5TX00OR0B8 ;1822;20250228PHYYBI0QZJ3T;1;2;1
120303;2501;INTANGIVEL; 115.650,36 ; 1.000,00 ; -   ; 116.650,36 ; M ;01/01/2025 00:00;31/01/2025 00:00; 20171004OK5TX00OR0BM ;1850;20250228PHYYBI0QZJ3T;1;1;1
1203030001;2501;SOFTWARE; 64.416,56 ; -   ; -   ; 64.416,56 ; M ;01/01/2025 00:00;31/01/2025 00:00; 20171004OK5TX00OR0BN ;1851;20250228PHYYBI0QZJ3T;1;2;1
1203030002;2501;MARCAS E PATENTES; 51.233,80 ; 1.000,00 ; -   ; 52.233,80 ; M ;01/01/2025 00:00;31/01/2025 00:00; 20171004OK5TX00OR0BO ;1852;20250228PHYYBI0QZJ3T;1;2;1
120304;2501;( - ) AMORTIZAÇŐES ACUMULADAS;-27.005,10 ; -   ; 12.883,32 ;-39.888,42 ; M ;01/01/2025 00:00;31/01/2025 00:00; 20171004OK5TX00OR0BS ;1870;20250228PHYYBI0QZJ3T;1;1;1
1203040003;2501;( - ) AMORTIZAÇĂO HARDWARE / SOFTWARE;-27.005,10 ; -   ; 12.883,32 ;-39.888,42 ; M ;01/01/2025 00:00;31/01/2025 00:00; 20171004OK5TX00OR0BV ;1873;20250228PHYYBI0QZJ3T;1;2;1
2;2501;PASSIVO; 24.342.020,96 ; 92.293.933,43 ; 89.257.029,66 ; 21.305.117,19 ; M ;01/01/2025 00:00;31/01/2025 00:00; 20171004OK5TX00OR0BX ;2000;20250228PHYYBI0QZJ3T;1;1;2
21;2501;PASSIVO CIRCULANTE; 22.724.755,77 ; 89.313.933,43 ; 88.957.029,66 ; 22.367.852,00 ; M ;01/01/2025 00:00;31/01/2025 00:00; 20171004OK5TX00OR0BY ;2001;20250228PHYYBI0QZJ3T;1;1;2
2101;2501;EMPRESTIMOS E FINANCIAMENTOS; 121.280,48 ; -   ; -   ; 121.280,48 ; M ;01/01/2025 00:00;31/01/2025 00:00; 20171004OK5TX00OR0BZ ;2002;20250228PHYYBI0QZJ3T;1;1;2
210101;2501;EMPRÉSTIMOS E FINANCIAMENTOS; 121.280,48 ; -   ; -   ; 121.280,48 ; M ;01/01/2025 00:00;31/01/2025 00:00; 20171004OK5TX00OR0C0 ;2003;20250228PHYYBI0QZJ3T;1;1;2
2101010038;2501;EMPRÉSTIMO BANCO CAIXA ECONOMICA; 121.280,48 ; -   ; -   ; 121.280,48 ; M ;01/01/2025 00:00;31/01/2025 00:00; 20200921TAB8590P53U0 ;2041;20250228PHYYBI0QZJ3T;1;2;2
2102;2501;FORNECEDORES DIVERSOS; 1.565.328,94 ; 21.137.852,12 ; 20.673.428,61 ; 1.100.905,43 ; M ;01/01/2025 00:00;31/01/2025 00:00; 20171004OK5TX00OR0CY ;2050;20250228PHYYBI0QZJ3T;1;1;2
210201;2501;FORNECEDORES; 1.565.328,94 ; 21.137.852,12 ; 20.673.428,61 ; 1.100.905,43 ; M ;01/01/2025 00:00;31/01/2025 00:00; 20171004OK5TX00OR0CZ ;2051;20250228PHYYBI0QZJ3T;1;1;2
2102010002;2501;PĂO DE AÇÚCAR; 104.304,50 ; 3.063.041,00 ; 3.240.251,10 ; 281.514,60 ; M ;01/01/2025 00:00;31/01/2025 00:00; 20171004OK5TX00OR0D1 ;2053;20250228PHYYBI0QZJ3T;1;2;2
2102010003;2501;NO EXTREME; -   ; 8.180,00 ; 8.180,00 ; -   ; M ;01/01/2025 00:00;31/01/2025 00:00; 20171004OK5TX00OR0D2 ;2054;20250228PHYYBI0QZJ3T;1;2;2
2102010006;2502;RIO SCENARIUM; -   ; 500,00 ; 500,00 ; -   ; M ;01/02/2025 00:00;28/02/2025 00:00; 20171004OK5TX00OR0D5 ;2057;20250228PHYYBI0QZU6J;1;2;2
2102010008;2501;ABAV CARNAVAL; -   ; 390,00 ; 390,00 ; -   ; M ;01/01/2025 00:00;31/01/2025 00:00; 20171004OK5TX00OR0D7 ;2059;20250228PHYYBI0QZJ3T;1;2;2
2102010013;2501;RESTAURANTE CARRETĂO; 80.070,00 ; 1.042.358,12 ; 962.288,12 ; -   ; M ;01/01/2025 00:00;31/01/2025 00:00; 20171004OK5TX00OR0DC ;2064;20250228PHYYBI0QZJ3T;1;2;2
2102010021;2507;LE TERRAZZE DI ROMA; -   ; 1.575,00 ; 1.575,00 ; -   ; M ;01/07/2025 00:00;31/07/2025 00:00; 20171004OK5TX00OR0DK ;2072;20250826TCBOOH12I1YF;1;2;2
2102010024;2501;JEEP TOUR; 15.746,00 ; 52.720,00 ; 36.974,00 ; -   ; M ;01/01/2025 00:00;31/01/2025 00:00; 20171004OK5TX00OR0DN ;2075;20250228PHYYBI0QZJ3T;1;2;2
2102010026;2501;HELISIGHT; 7.360,00 ; 60.600,00 ; 53.240,00 ; -   ; M ;01/01/2025 00:00;31/01/2025 00:00; 20171004OK5TX00OR0DP ;2077;20250228PHYYBI0QZJ3T;1;2;2
2102010031;2501;LUCK VIAGENS MACEIO; 21.479,80 ; 125.514,70 ; 104.034,90 ; -   ; M ;01/01/2025 00:00;31/01/2025 00:00; 20171004OK5TX00OR0DU ;2082;20250228PHYYBI0QZJ3T;1;2;2
2102010032;2501;PARATI TOURS; 5.202,50 ; 36.354,50 ; 37.952,00 ; 6.800,00 ; M ;01/01/2025 00:00;31/01/2025 00:00; 20171004OK5TX00OR0DV ;2083;20250228PHYYBI0QZJ3T;1;2;2
2102010039;2501;MARCELO VAN; 9.050,00 ; 332.925,00 ; 323.875,00 ; -   ; M ;01/01/2025 00:00;31/01/2025 00:00; 20171004OK5TX00OR0E2 ;2090;20250228PHYYBI0QZJ3T;1;2;2
2102010040;2501;LUCK VIAGENS PARAIBA; 350,00 ; 39.618,54 ; 39.268,54 ; -   ; M ;01/01/2025 00:00;31/01/2025 00:00; 20171004OK5TX00OR0E3 ;2091;20250228PHYYBI0QZJ3T;1;2;2
2102010042;2501;RPA - AUTONOMOS; 39.661,55 ; 1.127.070,00 ; 1.091.320,00 ; 3.911,55 ; M ;01/01/2025 00:00;31/01/2025 00:00; 20171004OK5TX00OR0E5 ;2093;20250228PHYYBI0QZJ3T;1;2;2
2102010044;2501;HB 11 LOCADORA DE VEICULOS TDA.; 860,00 ; 6.100,20 ; 5.240,20 ; -   ; M ;01/01/2025 00:00;31/01/2025 00:00; 20171004OK5TX00OR0E7 ;2095;20250228PHYYBI0QZJ3T;1;2;2
2102010047;2501;CG TUR FLORIANOPÓLIS.; 2.656,40 ; 150.535,14 ; 147.878,74 ; -   ; M ;01/01/2025 00:00;31/01/2025 00:00; 20171004OK5TX00OR0EA ;2098;20250228PHYYBI0QZJ3T;1;2;2
2102010049;2501;LUCK VIAGENS RECIFE; 9.156,00 ; 190.151,90 ; 180.922,90 ;-73,00 ; M ;01/01/2025 00:00;31/01/2025 00:00; 20171004OK5TX00OR0EC ;2100;20250228PHYYBI0QZJ3T;1;2;2
2102010050;2501;LUCK VIAGENS NATAL; 2.477,80 ; 165.688,20 ; 160.147,40 ;-3.063,00 ; M ;01/01/2025 00:00;31/01/2025 00:00; 20171004OK5TX00OR0ED ;2101;20250228PHYYBI0QZJ3T;1;2;2
2102010051;2501;LUCK VIAGENS SALVADOR; 5.990,11 ; 84.217,33 ; 78.227,22 ; -   ; M ;01/01/2025 00:00;31/01/2025 00:00; 20171004OK5TX00OR0EE ;2102;20250228PHYYBI0QZJ3T;1;2;2
2102010055;2501;TOUR SHOP.; 2.171,91 ; 46.779,94 ; 44.608,03 ; -   ; M ;01/01/2025 00:00;31/01/2025 00:00; 20171004OK5TX00OR0EI ;2106;20250228PHYYBI0QZJ3T;1;2;2
2102010064;2501;TAGUATUR - SĂO LUIZ; 1.520,00 ; 77.145,00 ; 68.045,00 ;-7.580,00 ; M ;01/01/2025 00:00;31/01/2025 00:00; 20171004OK5TX00OR0ER ;2115;20250228PHYYBI0QZJ3T;1;2;2
2102010068;2501;BROCKER - GRAMADO; 10.477,00 ; 244.064,00 ; 233.587,00 ; -   ; M ;01/01/2025 00:00;31/01/2025 00:00; 20171004OK5TX00OR0EV ;2119;20250228PHYYBI0QZJ3T;1;2;2
2102010078;2501;AROUND SP; -   ; 24.613,00 ; 24.613,00 ; -   ; M ;01/01/2025 00:00;31/01/2025 00:00; 20171004OK5TX00OR0F5 ;2129;20250228PHYYBI0QZJ3T;1;2;2
2102010079;2501;TRANSFER CAMPEONATOS; 19.508,50 ; 97.800,00 ; 97.800,00 ; 19.508,50 ; M ;01/01/2025 00:00;31/01/2025 00:00; 20171004OK5TX00OR0F6 ;2130;20250228PHYYBI0QZJ3T;1;2;2
2102010082;2501;JW TRANSPORTE; -   ; 299.457,18 ; 299.457,18 ; -   ; M ;01/01/2025 00:00;31/01/2025 00:00; 20171004OK5TX00OR0F9 ;2133;20250228PHYYBI0QZJ3T;1;2;2
2102010092;2501;SERRA VERDE; 31.137,00 ; 490.726,00 ; 459.589,00 ; -   ; M ;01/01/2025 00:00;31/01/2025 00:00; 20171004OK5TX00OR0FJ ;2143;20250228PHYYBI0QZJ3T;1;2;2
2102010095;2501;PAINEIRAS CORCOVADO; 40.000,00 ; 1.028.177,00 ; 1.092.376,00 ; 104.199,00 ; M ;01/01/2025 00:00;31/01/2025 00:00; 20171004OK5TX00OR0FM ;2146;20250228PHYYBI0QZJ3T;1;2;2
2102010098;2501;JAGUANUM NAVEGAÇĂO; 702,00 ; 11.304,00 ; 10.656,00 ; 54,00 ; M ;01/01/2025 00:00;31/01/2025 00:00; 20171004OK5TX00OR0FP ;2149;20250228PHYYBI0QZJ3T;1;2;2
2102010144;2511;INSTITUTO NACIONAL DA PROPRIEDADE INDUSTRIAL; -   ; 1.000,00 ; 1.000,00 ; -   ; M ;01/11/2025 00:00;30/11/2025 00:00; 20171004OK5TX00OR0GZ ;2195;20251112TAWMZN133Y5W;1;2;2
2102010164;2501;TELEFONE; 1.493,06 ; 23.036,36 ; 24.543,30 ; 3.000,00 ; M ;01/01/2025 00:00;31/01/2025 00:00; 20171004OK5TX00OR0HJ ;2215;20250228PHYYBI0QZJ3T;1;2;2
2102010165;2502;INTERNET E MATERIAL DE INFORMATICA; -   ; 1.375,00 ; 1.375,00 ; -   ; M ;01/02/2025 00:00;28/02/2025 00:00; 20171004OK5TX00OR0HK ;2216;20250228PHYYBI0QZU6J;1;2;2
2102010176;2501;MUTUO; -   ; 342.735,41 ; 124.952,64 ;-217.782,77 ; M ;01/01/2025 00:00;31/01/2025 00:00; 20171004OK5TX00OR0HV ;2227;20250228PHYYBI0QZJ3T;1;2;2
2102010204;2501;FORNECEDORES DE SERVIÇOS; 200.000,00 ; 321.801,99 ; 360.823,58 ; 239.021,59 ; M ;01/01/2025 00:00;31/01/2025 00:00; 20171004OK5TX00OR0IN ;2255;20250228PHYYBI0QZJ3T;1;2;2
2102010235;2501;COMISSĂO MEIS; 6.975,00 ; 132.803,96 ; 125.828,96 ; -   ; M ;01/01/2025 00:00;31/01/2025 00:00; 20171004OK5TX00OR0JI ;2286;20250228PHYYBI0QZJ3T;1;2;2
2102010242;2501;SERVIÇOS PRESTADOS OPERACIONAIS; 38.745,11 ; 492.582,97 ; 453.837,86 ; -   ; M ;01/01/2025 00:00;31/01/2025 00:00; 20171004OK5TX00OR0JP ;2293;20250228PHYYBI0QZJ3T;1;2;2
2102010249;2501;PORTO SEGURO CIA DE SEGUROS GERAIS; -   ; 154,45 ; 154,45 ; -   ; M ;01/01/2025 00:00;31/01/2025 00:00; 20171004OK5TX00OR0JW ;2300;20250228PHYYBI0QZJ3T;1;2;2
2102010250;2506;CAMILO RAFAEL RAMIREZ ARAOZ; -   ; 708,65 ; -   ;-708,65 ; M ;01/06/2025 00:00;30/06/2025 00:00; 20171004OK5TX00OR0JX ;2301;20250626TCBOOS1DNFWR;1;2;2
2102010267;2501;FORNECEDOR OPERACIONAL; 464.882,38 ; 8.129.556,41 ; 8.090.995,31 ; 426.321,28 ; M ;01/01/2025 00:00;31/01/2025 00:00; 20171004OK5TX00OR0KE ;2318;20250228PHYYBI0QZJ3T;1;2;2
2102010308;2501;MONIQUE SARA SANTOS DA SILVA; -   ; 17.940,00 ; 17.940,00 ; -   ; M ;01/01/2025 00:00;31/01/2025 00:00; 20171011OK5TX70XX9FW ;2359;20250228PHYYBI0QZJ3T;1;2;2
2102010321;2501;TREM DO CORCOVADO; 42.416,00 ; 931.313,00 ; 888.897,00 ; -   ; M ;01/01/2025 00:00;31/01/2025 00:00; 20171011OK5TX70XX9G9 ;2372;20250228PHYYBI0QZJ3T;1;2;2
2102010323;2501;INGRESSOS TOURS; -   ; 217.634,67 ; 276.600,27 ; 58.965,60 ; M ;01/01/2025 00:00;31/01/2025 00:00; 20171011OK5TX70XX9GB ;2374;20250228PHYYBI0QZJ3T;1;2;2
2102010326;2501;JOSÉ HENRIQUE; 3.517,00 ; 23.697,00 ; 17.360,00 ;-2.820,00 ; M ;01/01/2025 00:00;31/01/2025 00:00; 20171011OK5TX70XX9GE ;2377;20250228PHYYBI0QZJ3T;1;2;2
2102010327;2501;ALIANÇA DE BANGU; 174.739,00 ; 1.091.064,00 ; 855.725,00 ;-60.600,00 ; M ;01/01/2025 00:00;31/01/2025 00:00; 20171011OK5TX70XX9GF ;2378;20250228PHYYBI0QZJ3T;1;2;2
2102010330;2501;INOVA PRODUÇŐES; 7.295,40 ; 113.891,00 ; 106.595,60 ; -   ; M ;01/01/2025 00:00;31/01/2025 00:00; 20171011OK5TX70XX9GI ;2381;20250228PHYYBI0QZJ3T;1;2;2
2102010334;2501;ATALAIA EMPREENDIMENTOS; 3.826,00 ; 23.035,50 ; 19.209,50 ; -   ; M ;01/01/2025 00:00;31/01/2025 00:00; 20171011OK5TX70XX9GM ;2385;20250228PHYYBI0QZJ3T;1;2;2
2102010359;2508;CARLOS SANTOS FERREIRA - CAR SERVICE; -   ; 10.730,00 ; 10.730,00 ; -   ; M ;01/08/2025 00:00;31/08/2025 00:00; 20180828TAB8560IDLMR ;3219;20250826TCBOOH12IEZK;1;2;2
2102010362;2501;CAIXA GRAY LINE; 167.171,82 ; -   ; 39.109,81 ; 206.281,63 ; M ;01/01/2025 00:00;31/01/2025 00:00; 20190517TAB85I10O4H2 ;3222;20250228PHYYBI0QZJ3T;1;2;2
2102010380;2501;AMAZON EXPLORERS MANAUS; 432,00 ; 100.186,00 ; 99.754,00 ; -   ; M ;01/01/2025 00:00;31/01/2025 00:00; 20190730TAB85K0OWOIY ;3240;20250228PHYYBI0QZJ3T;1;2;2
2102013822;2501;A TO Z TOURS; 43.955,10 ; 355.000,00 ; 355.000,00 ; 43.955,10 ; M ;01/01/2025 00:00;31/01/2025 00:00; 20220622TAB8530T3RKZ ;3558;20250228PHYYBI0QZJ3T;1;2;2
2103;2501;OBRIGAÇŐES SOCIAIS / FISCAIS; 54.313,50 ; 1.305.494,21 ; 1.575.467,79 ; 324.287,08 ; M ;01/01/2025 00:00;31/01/2025 00:00; 20171004OK5TX00OR0KR ;2400;20250228PHYYBI0QZJ3T;1;1;2
210301;2501;OBRIGAÇŐES SOCIAIS; 33.410,37 ; 1.109.432,90 ; 1.371.005,66 ; 294.983,13 ; M ;01/01/2025 00:00;31/01/2025 00:00; 20171004OK5TX00OR0KS ;2401;20250228PHYYBI0QZJ3T;1;1;2
2103010001;2501;SALÁRIOS A PAGAR; -   ; 685.332,39 ; 794.816,87 ; 109.484,48 ; M ;01/01/2025 00:00;31/01/2025 00:00; 20171004OK5TX00OR0KT ;2402;20250228PHYYBI0QZJ3T;1;2;2
2103010002;2508;RESCISĂO A PAGAR; -   ; 2.520,14 ; 2.520,14 ; -   ; M ;01/08/2025 00:00;31/08/2025 00:00; 20171004OK5TX00OR0KU ;2403;20250826TCBOOH12IEZK;1;2;2
2103010006;2501;INSS A RECOLHER; 24.461,10 ; 309.725,92 ; 412.201,06 ; 126.936,24 ; M ;01/01/2025 00:00;31/01/2025 00:00; 20171004OK5TX00OR0KY ;2407;20250228PHYYBI0QZJ3T;1;2;2
2103010009;2501;FGTS A RECOLHER; 5.249,31 ; 87.522,95 ; 102.077,45 ; 19.803,81 ; M ;01/01/2025 00:00;31/01/2025 00:00; 20171004OK5TX00OR0L1 ;2410;20250228PHYYBI0QZJ3T;1;2;2
2103010016;2501;IRRF S/FOLHA; 3.699,96 ; 24.331,50 ; 59.390,14 ; 38.758,60 ; M ;01/01/2025 00:00;31/01/2025 00:00; 20171004OK5TX00OR0L8 ;2417;20250228PHYYBI0QZJ3T;1;2;2
210302;2501;OBRIGAÇŐES FISCAIS; 20.903,13 ; 196.061,31 ; 204.462,13 ; 29.303,95 ; M ;01/01/2025 00:00;31/01/2025 00:00; 20171004OK5TX00OR0LW ;2450;20250228PHYYBI0QZJ3T;1;1;2
2103020001;2506;IRRF A PAGAR; -   ; 1.628,26 ; 1.628,26 ; -   ; M ;01/06/2025 00:00;30/06/2025 00:00; 20171004OK5TX00OR0LX ;2451;20250626TCBOOS1DNFWR;1;2;2
2103020004;2504;PIS A RECOLHER; -   ; 13.931,31 ; 14.562,59 ; 631,28 ; M ;01/04/2025 00:00;30/04/2025 00:00; 20171004OK5TX00OR0M0 ;2454;20250626TCBOOS1DMLNX;1;2;2
2103020005;2504;COFINS A RECOLHER; -   ; 64.344,49 ; 67.258,08 ; 2.913,59 ; M ;01/04/2025 00:00;30/04/2025 00:00; 20171004OK5TX00OR0M1 ;2455;20250626TCBOOS1DMLNX;1;2;2
2103020007;2501;I.S.S. A RECOLHER; 20.903,13 ; 34.776,55 ; 39.632,50 ; 25.759,08 ; M ;01/01/2025 00:00;31/01/2025 00:00; 20171004OK5TX00OR0M3 ;2457;20250228PHYYBI0QZJ3T;1;2;2
2103020014;2504;IRPJ A RECOLHER; -   ; 50.862,94 ; 50.862,94 ; -   ; M ;01/04/2025 00:00;30/04/2025 00:00; 20171004OK5TX00OR0MA ;2464;20250626TCBOOS1DMLNX;1;2;2
2103020016;2504;IRRF AUTONOMOS; -   ; 30.517,76 ; 30.517,76 ; -   ; M ;01/04/2025 00:00;30/04/2025 00:00; 20171004OK5TX00OR0MC ;2466;20250626TCBOOS1DMLNX;1;2;2
2105;2501;RECURSO DE TERCEIROS; 1.468.784,29 ; 23.725.170,91 ; 22.753.717,07 ; 497.330,45 ; M ;01/01/2025 00:00;31/01/2025 00:00; 20171004OK5TX00OR0O7 ;2560;20250228PHYYBI0QZJ3T;1;1;2
210501;2501;ADIANTAMENTO DE CLIENTES; 96.558.135,02 ; 205.476,63 ; 22.607.228,65 ; 118.959.887,04 ; M ;01/01/2025 00:00;31/01/2025 00:00; 20171004OK5TX00OR0O8 ;2561;20250228PHYYBI0QZJ3T;1;1;2
2105010002;2501;ADIANTAMENTO DE CLIENTES; 88.184.419,10 ; 205.476,63 ; 22.607.228,65 ; 110.586.171,12 ; M ;01/01/2025 00:00;31/01/2025 00:00; 20171004OK5TX00OR0OA ;2563;20250228PHYYBI0QZJ3T;1;2;2
2105010003;2501;ADIANTAMENTO DE CLIENTE CAMPEONATO; 8.373.715,92 ; -   ; -   ; 8.373.715,92 ; M ;01/01/2025 00:00;31/01/2025 00:00; 20171004OK5TX00OR0OB ;2564;20250228PHYYBI0QZJ3T;1;2;2
210502;2501;(-) CUSTOS COM CLIENTES;-95.089.350,73 ; 23.519.694,28 ; 146.488,42 ;-118.462.556,59 ; M ;01/01/2025 00:00;31/01/2025 00:00; 20171004OK5TX00OR0OC ;2570;20250228PHYYBI0QZJ3T;1;1;2
2105020002;2501;(-) CUSTOS DE ADIANTAMENTO DE CLIENTES;-57.921.389,44 ; 23.519.694,28 ; 146.488,42 ;-81.294.595,30 ; M ;01/01/2025 00:00;31/01/2025 00:00; 20171004OK5TX00OR0OE ;2572;20250228PHYYBI0QZJ3T;1;2;2
2105020003;2501;(-) CUSTOS DE ADIANTAMENTO DE CLIENTE CAMPEONATO;-37.167.961,29 ; -   ; -   ;-37.167.961,29 ; M ;01/01/2025 00:00;31/01/2025 00:00; 20171004OK5TX00OR0OF ;2573;20250228PHYYBI0QZJ3T;1;2;2
2107;2508;RECURSOS DE TERCEIROS; -   ; 94.616,83 ; 53.849,41 ;-40.767,42 ; M ;01/08/2025 00:00;31/08/2025 00:00; 20171004OK5TX00OR0PM ;2640;20250826TCBOOH12IEZK;1;1;2
210701;2508;RECURSOS DE TERCEIROS; -   ; 94.616,83 ; 53.849,41 ;-40.767,42 ; M ;01/08/2025 00:00;31/08/2025 00:00; 20171004OK5TX00OR0PN ;2641;20250826TCBOOH12IEZK;1;1;2
2107010003;2508;RECURSOS DE TERCEIROS - NOTA DE DÉBITO/CRÉDITO; -   ; 94.616,83 ; 53.849,41 ;-40.767,42 ; M ;01/08/2025 00:00;31/08/2025 00:00; 20201013VZYUWV117K1G ;2567;20250826TCBOOH12IEZK;1;2;2
2114;2501;CONTAS A PAGAR; 105.744,21 ; 3.260.871,04 ; 3.302.871,04 ; 147.744,21 ; M ;01/01/2025 00:00;31/01/2025 00:00; 20171004OK5TX00OR0Y9 ;22000;20250228PHYYBI0QZJ3T;1;1;2
211401;2501;CONTAS A PAGAR; 105.744,21 ; 3.260.871,04 ; 3.302.871,04 ; 147.744,21 ; M ;01/01/2025 00:00;31/01/2025 00:00; 20171004OK5TX00OR0YA ;22001;20250228PHYYBI0QZJ3T;1;1;2
2114010012;2501;ALUGUÉIS A PAGAR; -   ; 236.895,83 ; 236.895,83 ; -   ; M ;01/01/2025 00:00;31/01/2025 00:00; 20171004OK5TX00OR0YM ;22013;20250228PHYYBI0QZJ3T;1;2;2
2114010074;2502;LUCROS A PAGAR; -   ; 2.938.000,00 ; 2.980.000,00 ; 42.000,00 ; M ;01/02/2025 00:00;28/02/2025 00:00; 20171004OK5TX00OR10C ;22075;20250228PHYYBI0QZU6J;1;2;2
2114010084;2501;RATEIO ADMINISTRAÇĂO CENTRAL; 105.744,21 ; -   ; -   ; 105.744,21 ; M ;01/01/2025 00:00;31/01/2025 00:00; 20171004OK5TX00OR10M ;22085;20250228PHYYBI0QZJ3T;1;2;2
2114010108;2504;TAXAS E ASSINATURAS; -   ; 130,00 ; 130,00 ; -   ; M ;01/04/2025 00:00;30/04/2025 00:00; 20180724TAB8570OZ4IA ;22109;20250626TCBOOS1DMLNX;1;2;2
2114010110;2501;ONE TRAVEL; -   ; 80.890,15 ; 80.890,15 ; -   ; M ;01/01/2025 00:00;31/01/2025 00:00; 20180724TAB8570P02QV ;22110;20250228PHYYBI0QZJ3T;1;2;2
2114010115;2503;DEPOSITOS JUDICIAIS; -   ; 4.955,06 ; 4.955,06 ; -   ; M ;01/03/2025 00:00;31/03/2025 00:00; 20180724TAB8570P50JI ;22115;20250428VZYUW511CXDL;1;2;2
2116;2501;OUTRAS OBRIGAÇŐES A PAGAR; 3.162.900,88 ; 39.789.928,32 ; 40.597.695,74 ; 3.970.668,30 ; M ;01/01/2025 00:00;31/01/2025 00:00; 20171004OK5TX00OR11N ;22190;20250228PHYYBI0QZJ3T;1;1;2
211601;2501;ADIANTAMENTOS DE CLIENTES; 3.162.900,88 ; 39.789.928,32 ; 40.597.695,74 ; 3.970.668,30 ; M ;01/01/2025 00:00;31/01/2025 00:00; 20171004OK5TX00OR11O ;22191;20250228PHYYBI0QZJ3T;1;1;2
2116010001;2501;BLUMAR; 83.761,12 ; -   ; -   ; 83.761,12 ; M ;01/01/2025 00:00;31/01/2025 00:00; 20171004OK5TX00OR11P ;22192;20250228PHYYBI0QZJ3T;1;2;2
2116010026;2501;CREDITOS NĂO IDENTIFICADO DE CLIENTES; 649.758,59 ; 16.914.964,00 ; 17.714.096,72 ; 1.448.891,31 ; M ;01/01/2025 00:00;31/01/2025 00:00; 20171004OK5TX00OR12E ;22217;20250228PHYYBI0QZJ3T;1;2;2
2116010036;2501;CLIENTES - RECEBIMENTOS; 16,42 ; 22.874.964,32 ; 22.883.599,02 ; 8.651,12 ; M ;01/01/2025 00:00;31/01/2025 00:00; 20171004OK5TX00OR12O ;22227;20250228PHYYBI0QZJ3T;1;2;2
2116010042;2501;ADIANTAMENTO DE CLIENTES - CBE; 2.429.364,75 ; -   ; -   ; 2.429.364,75 ; M ;01/01/2025 00:00;31/01/2025 00:00; 20190411TAB85I0R45RW ;22233;20250228PHYYBI0QZJ3T;1;2;2
2117;2501;CONTA CORRENTE; 16.138.176,85 ; -   ; -   ; 16.138.176,85 ; M ;01/01/2025 00:00;31/01/2025 00:00; 20171004OK5TX00OR12T ;22250;20250228PHYYBI0QZJ3T;1;1;2
211701;2501;CONTA CORRENTE; 16.138.176,85 ; -   ; -   ; 16.138.176,85 ; M ;01/01/2025 00:00;31/01/2025 00:00; 20171004OK5TX00OR12U ;22251;20250228PHYYBI0QZJ3T;1;1;2
2117010014;2501;PALLAS OPERADORA TURÍSTICA LTDA; 974.475,10 ; -   ; -   ; 974.475,10 ; M ;01/01/2025 00:00;31/01/2025 00:00; 20171004OK5TX00OR138 ;22265;20250228PHYYBI0QZJ3T;1;2;2
2117010025;2501;MUTUO ASA PARTICIPAÇŐES LTDA.; 8.453.701,75 ; -   ; -   ; 8.453.701,75 ; M ;01/01/2025 00:00;31/01/2025 00:00; 20171004OK5TX00OR13J ;22276;20250228PHYYBI0QZJ3T;1;2;2
2117010028;2501;MUTUO PREMIUM; 6.710.000,00 ; -   ; -   ; 6.710.000,00 ; M ;01/01/2025 00:00;31/01/2025 00:00; 20171004OK5TX00OR13M ;22279;20250228PHYYBI0QZJ3T;1;2;2
2118;2501;PROVISŐES; 108.226,62 ; -   ; -   ; 108.226,62 ; M ;01/01/2025 00:00;31/01/2025 00:00; 20171004OK5TX00OR13N ;22300;20250228PHYYBI0QZJ3T;1;1;2
211801;2501;PROVISŐES; 108.226,62 ; -   ; -   ; 108.226,62 ; M ;01/01/2025 00:00;31/01/2025 00:00; 20171004OK5TX00OR13O ;22301;20250228PHYYBI0QZJ3T;1;1;2
2118010004;2501;PROVISĂO S/FÉRIAS; 91.665,21 ; -   ; -   ; 91.665,21 ; M ;01/01/2025 00:00;31/01/2025 00:00; 20171004OK5TX00OR13S ;22305;20250228PHYYBI0QZJ3T;1;2;2
2118010005;2501;PROVISĂO FGTS S/FERIAS; 3.948,81 ; -   ; -   ; 3.948,81 ; M ;01/01/2025 00:00;31/01/2025 00:00; 20171004OK5TX00OR13T ;22306;20250228PHYYBI0QZJ3T;1;2;2
2118010006;2501;PROVISĂO INSS S/ FÉRIAS; 12.612,60 ; -   ; -   ; 12.612,60 ; M ;01/01/2025 00:00;31/01/2025 00:00; 20171004OK5TX00OR13U ;22307;20250228PHYYBI0QZJ3T;1;2;2
22;2501;PASSIVO NĂO CIRCULANTE; 12.112,46 ; -   ; -   ; 12.112,46 ; M ;01/01/2025 00:00;31/01/2025 00:00; 20171004OK5TX00OR13W ;22320;20250228PHYYBI0QZJ3T;1;1;2
2202;2501;OBRIGAÇŐES DE INTERMEDIAÇĂO DE CONTRATOS; 12.112,46 ; -   ; -   ; 12.112,46 ; M ;01/01/2025 00:00;31/01/2025 00:00; 20171004OK5TX00OR15J ;22450;20250228PHYYBI0QZJ3T;1;1;2
220203;2501;PROVISŐES PARA CONTINGĘNCIA; 12.112,46 ; -   ; -   ; 12.112,46 ; M ;01/01/2025 00:00;31/01/2025 00:00; 20240429TAB85010D2I8 ;22556;20250228PHYYBI0QZJ3T;1;1;2
2202030002;2501;PROVISĂO PARA CONTINGĘNCIA TRIBUTÁRIA; 12.112,46 ; -   ; -   ; 12.112,46 ; M ;01/01/2025 00:00;31/01/2025 00:00; 20240429TAB85010I4FJ ;22553;20250228PHYYBI0QZJ3T;1;2;2
23;2501;PATRIMÔNIO LIQUIDO; 1.605.152,73 ; 2.980.000,00 ; 300.000,00 ;-1.074.847,27 ; M ;01/01/2025 00:00;31/01/2025 00:00; 20171004OK5TX00OR17E ;22600;20250228PHYYBI0QZJ3T;1;1;2
2301;2501;CAPITAL SOCIAL; 700.000,00 ; -   ; -   ; 700.000,00 ; M ;01/01/2025 00:00;31/01/2025 00:00; 20171004OK5TX00OR17F ;22601;20250228PHYYBI0QZJ3T;1;1;2
230101;2501;CAPITAL SOCIAL; 700.000,00 ; -   ; -   ; 700.000,00 ; M ;01/01/2025 00:00;31/01/2025 00:00; 20171004OK5TX00OR17G ;22602;20250228PHYYBI0QZJ3T;1;1;2
2301010001;2501;CAPITAL SOCIAL INTEGRALIZADO; 700.000,00 ; -   ; -   ; 700.000,00 ; M ;01/01/2025 00:00;31/01/2025 00:00; 20171004OK5TX00OR17H ;22603;20250228PHYYBI0QZJ3T;1;2;2
2303;2501;RESERVA DE LUCROS; 656.605,38 ; 2.980.000,00 ; 300.000,00 ;-2.023.394,62 ; M ;01/01/2025 00:00;31/01/2025 00:00; 20171004OK5TX00OR17Q ;22612;20250228PHYYBI0QZJ3T;1;1;2
230301;2501;RESERVAS DE LUCROS; 656.605,38 ; 2.980.000,00 ; 300.000,00 ;-2.023.394,62 ; M ;01/01/2025 00:00;31/01/2025 00:00; 20171004OK5TX00OR17R ;22613;20250228PHYYBI0QZJ3T;1;1;2
2303010003;2501;RESERVAS DE LUCROS A REALIZAR; 656.605,38 ; -   ; -   ; 656.605,38 ; M ;01/01/2025 00:00;31/01/2025 00:00; 20171004OK5TX00OR17U ;22616;20250228PHYYBI0QZJ3T;1;2;2
2303010021;2502;DISTRIBUIÇĂO POR CONTA DE LUCROS; -   ; 2.980.000,00 ; 300.000,00 ;-2.680.000,00 ; M ;01/02/2025 00:00;28/02/2025 00:00; 20171004OK5TX00OR18C ;22634;20250228PHYYBI0QZU6J;1;2;2
2304;2501;LUCROS OU PREJUIZOS ACUMULADOS;-1.041.576,50 ; -   ; -   ;-1.041.576,50 ; M ;01/01/2025 00:00;31/01/2025 00:00; 20171004OK5TX00OR18F ;22650;20250228PHYYBI0QZJ3T;1;1;2
230401;2501;LUCROS / PREJUIZOS ACUMULADOS;-1.041.576,50 ; -   ; -   ;-1.041.576,50 ; M ;01/01/2025 00:00;31/01/2025 00:00; 20171004OK5TX00OR18G ;22651;20250228PHYYBI0QZJ3T;1;1;2
2304010002;2501;( - ) PREJUIZOS ACUMULADOS;-1.041.576,50 ; -   ; -   ;-1.041.576,50 ; M ;01/01/2025 00:00;31/01/2025 00:00; 20171004OK5TX00OR18I ;22653;20250228PHYYBI0QZJ3T;1;2;2
2305;2501;RESULTADO DO EXERCÍCIO; 1.290.123,85 ; -   ; -   ; 1.290.123,85 ; M ;01/01/2025 00:00;31/01/2025 00:00; 20171004OK5TX00OR18K ;22655;20250228PHYYBI0QZJ3T;1;1;2
230501;2501;RESULTADO DO EXERCÍCIO; 1.290.123,85 ; -   ; -   ; 1.290.123,85 ; M ;01/01/2025 00:00;31/01/2025 00:00; 20171004OK5TX00OR18L ;22656;20250228PHYYBI0QZJ3T;1;1;2
2305010003;2501;RESULTADO DO EXERCICIO; 1.290.123,85 ; -   ; -   ; 1.290.123,85 ; M ;01/01/2025 00:00;31/01/2025 00:00; 20171004OK5TX00OR18O ;22659;20250228PHYYBI0QZJ3T;1;2;2
3;2501;RECEITAS; -   ; 833.617,83 ; 6.069.903,86 ; 5.236.286,03 ; M ;01/01/2025 00:00;31/01/2025 00:00; 20171004OK5TX00OR18V ;3000;20250228PHYYBI0QZJ3T;1;1;2
31;2501;RECEITA BRUTA DE SERVIÇOS; -   ; 338.617,69 ; 5.347.998,14 ; 5.009.380,45 ; M ;01/01/2025 00:00;31/01/2025 00:00; 20171004OK5TX00OR18W ;3001;20250228PHYYBI0QZJ3T;1;1;2
3101;2501;RECEITAS OPERACIONAIS; -   ; 338.617,69 ; 5.347.998,14 ; 5.009.380,45 ; M ;01/01/2025 00:00;31/01/2025 00:00; 20171004OK5TX00OR18X ;3002;20250228PHYYBI0QZJ3T;1;1;2
310101;2501;RECEITA SOBRE SERVIÇOS; -   ; -   ; 5.347.998,14 ; 5.347.998,14 ; M ;01/01/2025 00:00;31/01/2025 00:00; 20171004OK5TX00OR18Y ;3003;20250228PHYYBI0QZJ3T;1;1;2
3101010002;2501;PRESTAÇĂO DE SERVIÇOS; -   ; -   ; 5.347.998,14 ; 5.347.998,14 ; M ;01/01/2025 00:00;31/01/2025 00:00; 20171004OK5TX00OR190 ;3005;20250228PHYYBI0QZJ3T;1;2;2
310103;2501;DEDUÇŐES DAS RECEITAS; -   ; 338.617,69 ; -   ;-338.617,69 ; M ;01/01/2025 00:00;31/01/2025 00:00; 20171004OK5TX00OR1BD ;3150;20250228PHYYBI0QZJ3T;1;1;2
3101030001;2501;( - ) ISS - IMPOSTO SOBRE SERVIÇOS; -   ; 267.273,80 ; -   ;-267.273,80 ; M ;01/01/2025 00:00;31/01/2025 00:00; 20171004OK5TX00OR1BE ;3151;20250228PHYYBI0QZJ3T;1;2;2
3101030002;2504;( - ) PIS S/ SERVIÇOS; -   ; 12.696,86 ; -   ;-12.696,86 ; M ;01/04/2025 00:00;30/04/2025 00:00; 20171004OK5TX00OR1BF ;3152;20250626TCBOOS1DMLNX;1;2;2
3101030003;2504;( - ) COFINS S/ SERVIÇOS; -   ; 58.647,03 ; -   ;-58.647,03 ; M ;01/04/2025 00:00;30/04/2025 00:00; 20171004OK5TX00OR1BG ;3153;20250626TCBOOS1DMLNX;1;2;2
32;2501;OUTRAS RECEITAS; -   ; 495.000,14 ; 721.905,72 ; 226.905,58 ; M ;01/01/2025 00:00;31/01/2025 00:00; 20171004OK5TX00OR1BN ;3200;20250228PHYYBI0QZJ3T;1;1;2
3201;2501;OUTRAS RECEITAS; -   ; 0,14 ; 102.739,01 ; 102.738,87 ; M ;01/01/2025 00:00;31/01/2025 00:00; 20171004OK5TX00OR1BO ;3201;20250228PHYYBI0QZJ3T;1;1;2
320101;2501;RECEITAS FINANCEIRAS; -   ; 0,14 ; 102.739,01 ; 102.738,87 ; M ;01/01/2025 00:00;31/01/2025 00:00; 20171004OK5TX00OR1BP ;3202;20250228PHYYBI0QZJ3T;1;1;2
3201010005;2501;DESCONTOS OBTIDOS; -   ; -   ; 50,03 ; 50,03 ; M ;01/01/2025 00:00;31/01/2025 00:00; 20171004OK5TX00OR1BU ;3207;20250228PHYYBI0QZJ3T;1;2;2
3201010006;2501;OUTRAS RECEITAS FINANCEIRAS; -   ; 0,14 ; 102.688,98 ; 102.688,84 ; M ;01/01/2025 00:00;31/01/2025 00:00; 20171004OK5TX00OR1BV ;3208;20250228PHYYBI0QZJ3T;1;2;2
3202;2506;OUTRAS RECEITAS NĂO OPERACIONAIS; -   ; 495.000,00 ; 619.166,71 ; 124.166,71 ; M ;01/06/2025 00:00;30/06/2025 00:00; 20171004OK5TX00OR1BW ;3249;20250626TCBOOS1DNFWR;1;1;2
320202;2506;OUTRAS RECEITAS NĂO OPERACIONAIS; -   ; 495.000,00 ; 619.166,71 ; 124.166,71 ; M ;01/06/2025 00:00;30/06/2025 00:00; 20171004OK5TX00OR1BX ;3250;20250626TCBOOS1DNFWR;1;1;2
3202020001;2506;VENDAS DE BENS DO ATIVO IMOBILIZADO; -   ; 495.000,00 ; 619.166,71 ; 124.166,71 ; M ;01/06/2025 00:00;30/06/2025 00:00; 20171004OK5TX00OR1BY ;3251;20250626TCBOOS1DNFWR;1;2;2
4;2501;CUSTO E DESPESAS; -   ; 3.915.244,39 ; 742.354,01 ; 3.172.890,38 ; M ;01/01/2025 00:00;31/01/2025 00:00; 20171004OK5TX00OR1DG ;4000;20250228PHYYBI0QZJ3T;1;1;1
42;2501;DESPESAS; -   ; 3.915.244,39 ; 742.354,01 ; 3.172.890,38 ; M ;01/01/2025 00:00;31/01/2025 00:00; 20171004OK5TX00OR1FE ;4200;20250228PHYYBI0QZJ3T;1;1;1
4201;2501;DESPESAS GERAIS; -   ; 3.734.452,53 ; 707.918,63 ; 3.026.533,90 ; M ;01/01/2025 00:00;31/01/2025 00:00; 20171004OK5TX00OR1FF ;4201;20250228PHYYBI0QZJ3T;1;1;1
420101;2501;DESPESAS ADMINISTRATIVAS; -   ; 1.515.356,31 ; 109.719,20 ; 1.405.637,11 ; M ;01/01/2025 00:00;31/01/2025 00:00; 20171004OK5TX00OR1FG ;4202;20250228PHYYBI0QZJ3T;1;1;1
4201010004;2501;ALUGUEL DE IMÓVEIS; -   ; 235.763,24 ; -   ; 235.763,24 ; M ;01/01/2025 00:00;31/01/2025 00:00; 20171004OK5TX00OR1FK ;4206;20250228PHYYBI0QZJ3T;1;2;1
4201010007;2502;ASSINATURAS; -   ; 136.338,40 ; 60.328,74 ; 76.009,66 ; M ;01/02/2025 00:00;28/02/2025 00:00; 20171004OK5TX00OR1FN ;4209;20250228PHYYBI0QZU6J;1;2;1
4201010011;2501;ASSOCIAÇŐES E CLUBES; -   ; 2.960,00 ; -   ; 2.960,00 ; M ;01/01/2025 00:00;31/01/2025 00:00; 20171004OK5TX00OR1FR ;4213;20250228PHYYBI0QZJ3T;1;2;1
4201010013;2508;CARTORIOS; -   ; 1.400,00 ; -   ; 1.400,00 ; M ;01/08/2025 00:00;31/08/2025 00:00; 20171004OK5TX00OR1FT ;4215;20250826TCBOOH12IEZK;1;2;1
4201010017;2501;CONDUÇĂO; -   ; 320,40 ; -   ; 320,40 ; M ;01/01/2025 00:00;31/01/2025 00:00; 20171004OK5TX00OR1FX ;4219;20250228PHYYBI0QZJ3T;1;2;1
4201010018;2503;CONGRESSOS E EVENTOS; -   ; 9.000,00 ; -   ; 9.000,00 ; M ;01/03/2025 00:00;31/03/2025 00:00; 20171004OK5TX00OR1FY ;4220;20250428VZYUW511CXDL;1;2;1
4201010021;2512;CONTRIBUIÇĂO PATRONAL; -   ; 24.000,00 ; -   ; 24.000,00 ; M ;01/12/2025 00:00;31/12/2025 00:00; 20171004OK5TX00OR1G1 ;4223;20251218TAWMZN0PFUOJ;1;2;1
4201010024;2501;INTERNET E TELEFONE; -   ; 59.641,00 ; 13.922,19 ; 45.718,81 ; M ;01/01/2025 00:00;31/01/2025 00:00; 20171004OK5TX00OR1G4 ;4226;20250228PHYYBI0QZJ3T;1;2;1
4201010026;2507;DESP. LEGAIS E JUDICIAIS; -   ; 24.769,82 ; -   ; 24.769,82 ; M ;01/07/2025 00:00;31/07/2025 00:00; 20171004OK5TX00OR1G6 ;4228;20250826TCBOOH12I1YF;1;2;1
4201010028;2501;DESPESA SEGUROS; -   ; 14.383,23 ; -   ; 14.383,23 ; M ;01/01/2025 00:00;31/01/2025 00:00; 20171004OK5TX00OR1G8 ;4230;20250228PHYYBI0QZJ3T;1;2;1
4201010032;2502;DESPESAS COM CARTĂO; -   ; 62.252,41 ; 12.755,11 ; 49.497,30 ; M ;01/02/2025 00:00;28/02/2025 00:00; 20171004OK5TX00OR1GC ;4234;20250228PHYYBI0QZU6J;1;2;1
4201010037;2505;DESPESAS COM UNIFORMES; -   ; 3.318,00 ; -   ; 3.318,00 ; M ;01/05/2025 00:00;31/05/2025 00:00; 20171004OK5TX00OR1GH ;4239;20250626TCBOOS1DN1C3;1;2;1
4201010044;2506;FRETES E CARRETOS; -   ; 3.100,00 ; -   ; 3.100,00 ; M ;01/06/2025 00:00;30/06/2025 00:00; 20171004OK5TX00OR1GO ;4246;20250626TCBOOS1DNFWR;1;2;1
4201010047;2504;IMPOSTOS E TAXAS; -   ; 70.401,71 ; 1.411,30 ; 68.990,41 ; M ;01/04/2025 00:00;30/04/2025 00:00; 20171004OK5TX00OR1GR ;4249;20250626TCBOOS1DMLNX;1;2;1
4201010061;2501;MATERIAL DE ESCRITÓRIO; -   ; 20.734,16 ; 2.350,00 ; 18.384,16 ; M ;01/01/2025 00:00;31/01/2025 00:00; 20171004OK5TX00OR1H5 ;4263;20250228PHYYBI0QZJ3T;1;2;1
4201010062;2501;MATERIAL DE INFORMATICA; -   ; 75.588,83 ; 8.434,93 ; 67.153,90 ; M ;01/01/2025 00:00;31/01/2025 00:00; 20171004OK5TX00OR1H6 ;4264;20250228PHYYBI0QZJ3T;1;2;1
4201010063;2501;MATERIAL DE USO E CONSUMO; -   ; 3.344,14 ; -   ; 3.344,14 ; M ;01/01/2025 00:00;31/01/2025 00:00; 20171004OK5TX00OR1H7 ;4265;20250228PHYYBI0QZJ3T;1;2;1
4201010066;2502;PROPAGANDA E PUBLICIDADE; -   ; 19.312,81 ; 5.016,93 ; 14.295,88 ; M ;01/02/2025 00:00;28/02/2025 00:00; 20171004OK5TX00OR1HA ;4268;20250228PHYYBI0QZU6J;1;2;1
4201010069;2501;RATEIO CSC; -   ; 334.053,57 ; -   ; 334.053,57 ; M ;01/01/2025 00:00;31/01/2025 00:00; 20171004OK5TX00OR1HD ;4271;20250228PHYYBI0QZJ3T;1;2;1
4201010072;2502;ROYALTIES; -   ; 131.288,60 ; -   ; 131.288,60 ; M ;01/02/2025 00:00;28/02/2025 00:00; 20171004OK5TX00OR1HG ;4274;20250228PHYYBI0QZU6J;1;2;1
4201010078;2501;SERVIÇOS DE TERCEIROS PJ; -   ; 113.261,58 ; 5.500,00 ; 107.761,58 ; M ;01/01/2025 00:00;31/01/2025 00:00; 20171004OK5TX00OR1HM ;4280;20250228PHYYBI0QZJ3T;1;2;1
4201010080;2501;SERVIÇOS DE CONSULTORIA JURIDICA; -   ; 1.649,32 ; -   ; 1.649,32 ; M ;01/01/2025 00:00;31/01/2025 00:00; 20171004OK5TX00OR1HO ;4282;20250228PHYYBI0QZJ3T;1;2;1
4201010087;2502;VIAGENS E ESTADIAS; -   ; 30.711,06 ; -   ; 30.711,06 ; M ;01/02/2025 00:00;28/02/2025 00:00; 20171004OK5TX00OR1HV ;4289;20250228PHYYBI0QZU6J;1;2;1
4201010114;2501;DESPESAS COM DEPRECIAÇĂO; -   ; 137.764,03 ; -   ; 137.764,03 ; M ;01/01/2025 00:00;31/01/2025 00:00; 20180413OK5TXD14T6WT ;4520;20250228PHYYBI0QZJ3T;1;2;1
420102;2501;DESPESA COM PESSOAL; -   ; 2.219.096,22 ; 598.199,43 ; 1.620.896,79 ; M ;01/01/2025 00:00;31/01/2025 00:00; 20171004OK5TX00OR1HW ;4300;20250228PHYYBI0QZJ3T;1;1;1
4201020001;2501;SALARIOS; -   ; 849.900,05 ; 383.876,80 ; 466.023,25 ; M ;01/01/2025 00:00;31/01/2025 00:00; 20171004OK5TX00OR1HX ;4301;20250228PHYYBI0QZJ3T;1;2;1
4201020005;2503;FÉRIAS; -   ; 85.824,44 ; 35.506,53 ; 50.317,91 ; M ;01/03/2025 00:00;31/03/2025 00:00; 20171004OK5TX00OR1I1 ;4305;20250428VZYUW511CXDL;1;2;1
4201020006;2504;DECIMO TERCEIRO; -   ; 3.910,33 ; -   ; 3.910,33 ; M ;01/04/2025 00:00;30/04/2025 00:00; 20171004OK5TX00OR1I2 ;4306;20250626TCBOOS1DMLNX;1;2;1
4201020008;2508;INDENIZAÇŐES TRABALHISTAS; -   ; -   ; 119,00 ;-119,00 ; M ;01/08/2025 00:00;31/08/2025 00:00; 20171004OK5TX00OR1I4 ;4308;20250826TCBOOH12IEZK;1;2;1
4201020011;2501;OUTRAS DESPESAS C/ PESSOAL; -   ; 9.222,97 ; -   ; 9.222,97 ; M ;01/01/2025 00:00;31/01/2025 00:00; 20171004OK5TX00OR1I7 ;4311;20250228PHYYBI0QZJ3T;1;2;1
4201020013;2501;PREMIOS E GRATIFICAÇŐES; -   ; 9.000,00 ; -   ; 9.000,00 ; M ;01/01/2025 00:00;31/01/2025 00:00; 20171004OK5TX00OR1I9 ;4313;20250228PHYYBI0QZJ3T;1;2;1
4201020022;2501;TRIENIO; -   ; 26.140,09 ; -   ; 26.140,09 ; M ;01/01/2025 00:00;31/01/2025 00:00; 20171004OK5TX00OR1II ;4322;20250228PHYYBI0QZJ3T;1;2;1
4201020027;2501;VALE TRANSPORTE; -   ; 50.288,89 ; 11.822,25 ; 38.466,64 ; M ;01/01/2025 00:00;31/01/2025 00:00; 20171004OK5TX00OR1IN ;4327;20250228PHYYBI0QZJ3T;1;2;1
4201020028;2501;VALE REFEIÇĂO; -   ; 91.261,91 ; 551,00 ; 90.710,91 ; M ;01/01/2025 00:00;31/01/2025 00:00; 20171004OK5TX00OR1IO ;4328;20250228PHYYBI0QZJ3T;1;2;1
4201020030;2501;CURSOS E TREINAMENTOS; -   ; 35.800,00 ; -   ; 35.800,00 ; M ;01/01/2025 00:00;31/01/2025 00:00; 20171004OK5TX00OR1IQ ;4330;20250228PHYYBI0QZJ3T;1;2;1
4201020032;2508;UNIFORMES; -   ; 2.520,14 ; -   ; 2.520,14 ; M ;01/08/2025 00:00;31/08/2025 00:00; 20171004OK5TX00OR1IS ;4332;20250826TCBOOH12IEZK;1;2;1
4201020033;2501;INSS; -   ; 325.649,95 ; 134.388,70 ; 191.261,25 ; M ;01/01/2025 00:00;31/01/2025 00:00; 20171004OK5TX00OR1IT ;4333;20250228PHYYBI0QZJ3T;1;2;1
4201020034;2501;FGTS; -   ; 102.077,45 ; 31.935,15 ; 70.142,30 ; M ;01/01/2025 00:00;31/01/2025 00:00; 20171004OK5TX00OR1IU ;4334;20250228PHYYBI0QZJ3T;1;2;1
4201020048;2501;COLABORADORES PJ; -   ; 627.500,00 ; -   ; 627.500,00 ; M ;01/01/2025 00:00;31/01/2025 00:00; 20250312VZYUWU0XYLGA ;4339;20250228PHYYBI0QZJ3T;1;2;1
4203;2501;DESPESAS TRIBUTÁRIAS; -   ; 19.098,91 ; 2.236,08 ; 16.862,83 ; M ;01/01/2025 00:00;31/01/2025 00:00; 20171004OK5TX00OR1K2 ;4400;20250228PHYYBI0QZJ3T;1;1;1
420301;2501;DESPESAS TRIBUTARIAS; -   ; 19.098,91 ; 2.236,08 ; 16.862,83 ; M ;01/01/2025 00:00;31/01/2025 00:00; 20171004OK5TX00OR1K3 ;4401;20250228PHYYBI0QZJ3T;1;1;1
4203010001;2501;IMPOSTOS E TAXAS; -   ; 19.098,91 ; 2.236,08 ; 16.862,83 ; M ;01/01/2025 00:00;31/01/2025 00:00; 20171004OK5TX00OR1K4 ;4402;20250228PHYYBI0QZJ3T;1;2;1
4204;2501;DESPESAS FINANCEIRAS; -   ; 161.692,95 ; 32.199,30 ; 129.493,65 ; M ;01/01/2025 00:00;31/01/2025 00:00; 20171004OK5TX00OR1KA ;4450;20250228PHYYBI0QZJ3T;1;1;1
420401;2501;DESPESAS FINANCEIRAS; -   ; 161.692,95 ; 32.199,30 ; 129.493,65 ; M ;01/01/2025 00:00;31/01/2025 00:00; 20171004OK5TX00OR1KB ;4451;20250228PHYYBI0QZJ3T;1;1;1
4204010004;2501;JUROS E MULTAS; -   ; 26.915,26 ; 9.791,13 ; 17.124,13 ; M ;01/01/2025 00:00;31/01/2025 00:00; 20171004OK5TX00OR1KF ;4455;20250228PHYYBI0QZJ3T;1;2;1
4204010005;2501;DESPESAS BANCÁRIAS; -   ; 48.042,13 ; 22.408,17 ; 25.633,96 ; M ;01/01/2025 00:00;31/01/2025 00:00; 20171004OK5TX00OR1KG ;4456;20250228PHYYBI0QZJ3T;1;2;1
4204010007;2501;DESPESAS COM IOF; -   ; 1.200,14 ; -   ; 1.200,14 ; M ;01/01/2025 00:00;31/01/2025 00:00; 20171004OK5TX00OR1KI ;4458;20250228PHYYBI0QZJ3T;1;2;1
4204010010;2501;DESCONTOS CONCEDIDOS; -   ; 85.535,42 ; -   ; 85.535,42 ; M ;01/01/2025 00:00;31/01/2025 00:00; 20171004OK5TX00OR1KL ;4461;20250228PHYYBI0QZJ3T;1;2;1
