código_do_plano_de_contas;código_do_período;início;fim;anterior;débito;crédito;atual;movimento;ukey;descrição_do_plano_de_contas;código_auxiliar;períodos_contábeis;tipo_de_período;tipo;origem
"1";"2501";01/01/2025 00:00:00;31/01/2025 00:00:00;24342020,960000;98002558,000000;105431288,670000;16913290,290000;"M";"20171004OK5TX00OQRJZ";"ATIVO";"1";"20250228PHYYBI0QZJ3T";1;1;1
"11";"2501";01/01/2025 00:00:00;31/01/2025 00:00:00;12213016,210000;97735003,090000;104798449,540000;5149569,760000;"M";"20171004OK5TX00OQZ9E";"ATIVO CIRCULANTE";"2";"20250228PHYYBI0QZJ3T";1;1;1
"1101";"2501";01/01/2025 00:00:00;31/01/2025 00:00:00;7305989,100000;73337692,770000;76225988,710000;4417693,160000;"M";"20171004OK5TX00OQZ9F";"DISPONÍVEL";"3";"20250228PHYYBI0QZJ3T";1;1;1
"110101";"2501";01/01/2025 00:00:00;31/01/2025 00:00:00;41471,530000;2165105,700000;2134849,760000;71727,470000;"M";"20171004OK5TX00OQZ9G";"NUMERÁRIOS EM CAIXA";"4";"20250228PHYYBI0QZJ3T";1;1;1
"1101010001";"2501";01/01/2025 00:00:00;31/01/2025 00:00:00;17347,160000;2165105,700000;2134849,760000;47603,100000;"M";"20171004OK5TX00OQZ9H";"CAIXA REAL";"5";"20250228PHYYBI0QZJ3T";1;2;1
"1101010007";"2501";01/01/2025 00:00:00;31/01/2025 00:00:00;24124,370000;0,000000;0,000000;24124,370000;"M";"20171004OK5TX00OQZ9N";"CAIXA DE OPERAÇÕES";"11";"20250228PHYYBI0QZJ3T";1;2;1
"110102";"2501";01/01/2025 00:00:00;31/01/2025 00:00:00;1439890,130000;46027858,110000;47079272,340000;388475,900000;"M";"20171004OK5TX00OQZ9Q";"BANCOS CONTA MOVIMENTO";"25";"20250228PHYYBI0QZJ3T";1;1;1
"1101020001";"2501";01/01/2025 00:00:00;31/01/2025 00:00:00;205452,770000;20855416,020000;21017969,660000;42899,130000;"M";"20171004OK5TX00OQZ9R";"BRADESCO S/A - AG. 3232-8 C/C 7786-0";"26";"20250228PHYYBI0QZJ3T";1;2;1
"1101020018";"2501";01/01/2025 00:00:00;31/01/2025 00:00:00;430464,620000;8106656,160000;8473138,290000;63982,490000;"M";"20171004OK5TX00OQZA8";"BANCO RENDIMENTO S.A.";"43";"20250228PHYYBI0QZJ3T";1;2;1
"1101020070";"2512";01/12/2025 00:00:00;31/12/2025 00:00:00;0,000000;234238,620000;2384,080000;231854,540000;"M";"20171004OK5TX00OQZBO";"CREDITOS NÃO IDENTIFICADOS";"95";"20251218TAWMZN0PFUOJ";1;2;1
"1101020090";"2501";01/01/2025 00:00:00;31/01/2025 00:00:00;0,000000;233179,530000;233179,530000;0,000000;"M";"20171004OK5TX00OQZC8";"BANCO SANTANDER AG. 3934 C/C 29-000047-7";"115";"20250228PHYYBI0QZJ3T";1;2;1
"1101020243";"2501";01/01/2025 00:00:00;31/01/2025 00:00:00;91799,390000;6290408,470000;6364475,460000;17732,400000;"M";"20180426OK5TXQ0M5OHI";"BANCO RENDIMENTO USD";"6006";"20250228PHYYBI0QZJ3T";1;2;1
"1101020725";"2501";01/01/2025 00:00:00;31/01/2025 00:00:00;637409,190000;8079958,080000;8685666,670000;31700,600000;"M";"20200818TAB85B0W5W6C";"CAIXA ECONOMICA FEDERAL AG 1707 CC 2300-1";"24";"20250228PHYYBI0QZJ3T";1;2;1
"1101027257";"2501";01/01/2025 00:00:00;31/01/2025 00:00:00;74764,160000;2228001,230000;2302458,650000;306,740000;"M";"20220823TAB85T0RH43T";"BANCO SANTANDER AG 3934 CC 130042304";"0349";"20250228PHYYBI0QZJ3T";1;2;1
"110103";"2502";01/02/2025 00:00:00;28/02/2025 00:00:00;0,000000;2240872,930000;2193000,000000;47872,930000;"M";"20171004OK5TX00OQZFV";"APLICAÇÕES FINANCEIRAS";"260";"20250228PHYYBI0QZU6J";1;1;1
"1101030009";"2502";01/02/2025 00:00:00;28/02/2025 00:00:00;0,000000;1002305,940000;1000000,000000;2305,940000;"M";"20171004OK5TX00OQZG4";"BANCO SANTANDER APLICAÇÃO FINANCEIRA";"269";"20250228PHYYBI0QZU6J";1;2;1
"1101030018";"2502";01/02/2025 00:00:00;28/02/2025 00:00:00;0,000000;1238566,990000;1193000,000000;45566,990000;"M";"20171004OK5TX00OQZGD";"BANCO RENDIMENTO APLICAÇÃO FINANCEIRA";"278";"20250228PHYYBI0QZU6J";1;2;1
"110104";"2501";01/01/2025 00:00:00;31/01/2025 00:00:00;938942,550000;1888840,380000;2825057,090000;2725,840000;"M";"20171004OK5TX00OQZGP";"CARTÕES DE CRÉDITO";"300";"20250228PHYYBI0QZJ3T";1;1;1
"1101040003";"2501";01/01/2025 00:00:00;31/01/2025 00:00:00;938942,550000;1888840,380000;2825057,090000;2725,840000;"M";"20171004OK5TX00OQZGS";"CARTÃO DE CREDITO MASTERCARD";"303";"20250228PHYYBI0QZJ3T";1;2;1
"110106";"2501";01/01/2025 00:00:00;31/01/2025 00:00:00;4885684,890000;21015015,650000;21993809,520000;3906891,020000;"M";"20171004OK5TX00OQZGZ";"CONTAS A RECEBER (CLIENTES)";"320";"20250228PHYYBI0QZJ3T";1;1;1
"1101060001";"2501";01/01/2025 00:00:00;31/01/2025 00:00:00;1763363,010000;10202716,910000;10329813,800000;1636266,120000;"M";"20171004OK5TX00OQZH0";"DUPLICATAS A RECEBER";"321";"20250228PHYYBI0QZJ3T";1;2;1
"1101060198";"2501";01/01/2025 00:00:00;31/01/2025 00:00:00;0,000000;52667,000000;52667,000000;0,000000;"M";"20171004OK5TX00OQZMH";"EAGLE TRAVEL";"518";"20250228PHYYBI0QZJ3T";1;2;1
"1101060350";"2501";01/01/2025 00:00:00;31/01/2025 00:00:00;17810,690000;180722,300000;198532,990000;0,000000;"M";"20171004OK5TX00OQZQP";"BLUMAR VIAGENS E TURISMO";"670";"20250228PHYYBI0QZJ3T";1;2;1
"1101060364";"2505";01/05/2025 00:00:00;31/05/2025 00:00:00;0,000000;3174,000000;3174,000000;0,000000;"M";"20171004OK5TX00OQZR3";"CASTELO VIAGENS";"684";"20250626TCBOOS1DN1C3";1;2;1
"1101060371";"2501";01/01/2025 00:00:00;31/01/2025 00:00:00;3048,000000;47111,000000;49813,000000;346,000000;"M";"20171004OK5TX00OQZRA";"DEL BIANCO TOUR OPERATOR";"691";"20250228PHYYBI0QZJ3T";1;2;1
"1101060376";"2505";01/05/2025 00:00:00;31/05/2025 00:00:00;0,000000;34934,400000;34934,400000;0,000000;"M";"20171004OK5TX00OQZRF";"ECOLOGY TOUR";"696";"20250626TCBOOS1DN1C3";1;2;1
"1101060377";"2501";01/01/2025 00:00:00;31/01/2025 00:00:00;0,000000;1228,000000;1228,000000;0,000000;"M";"20171004OK5TX00OQZRG";"ELCOTOUR BRASIL";"697";"20250228PHYYBI0QZJ3T";1;2;1
"1101060386";"2503";01/03/2025 00:00:00;31/03/2025 00:00:00;0,000000;3400,000000;3400,000000;0,000000;"M";"20171004OK5TX00OQZRP";"GREEN TRAVEL";"706";"20250428VZYUW511CXDL";1;2;1
"1101060392";"2501";01/01/2025 00:00:00;31/01/2025 00:00:00;0,000000;3389,000000;3389,000000;0,000000;"M";"20171004OK5TX00OQZRV";"ITALCAMBIO TURISMO";"712";"20250228PHYYBI0QZJ3T";1;2;1
"1101060397";"2501";01/01/2025 00:00:00;31/01/2025 00:00:00;0,000000;33300,000000;33300,000000;0,000000;"M";"20171004OK5TX00OQZS0";"LATC TURISMO";"717";"20250228PHYYBI0QZJ3T";1;2;1
"1101060399";"2510";01/10/2025 00:00:00;31/10/2025 00:00:00;0,000000;2764,000000;2764,000000;0,000000;"M";"20171004OK5TX00OQZS2";"LIBERTY INTERNATIONAL DO BRASIL";"719";"20251023TAWMZ30M9PTQ";1;2;1
"1101060422";"2502";01/02/2025 00:00:00;28/02/2025 00:00:00;0,000000;28648,000000;27420,000000;1228,000000;"M";"20171004OK5TX00OQZSP";"PROMOTIONAL";"742";"20250228PHYYBI0QZU6J";1;2;1
"1101060430";"2501";01/01/2025 00:00:00;31/01/2025 00:00:00;0,000000;6717,000000;6717,000000;0,000000;"M";"20171004OK5TX00OQZSX";"QUIMBAYA TOURS TURISMO";"750";"20250228PHYYBI0QZJ3T";1;2;1
"1101060436";"2501";01/01/2025 00:00:00;31/01/2025 00:00:00;2544,000000;18218,000000;19402,000000;1360,000000;"M";"20171004OK5TX00OQZT3";"RENTAMAR TURISMO";"756";"20250228PHYYBI0QZJ3T";1;2;1
"1101060444";"2501";01/01/2025 00:00:00;31/01/2025 00:00:00;0,000000;15710,000000;14350,000000;1360,000000;"M";"20171004OK5TX00OQZTB";"SAS PLUS";"764";"20250228PHYYBI0QZJ3T";1;2;1
"1101060445";"2501";01/01/2025 00:00:00;31/01/2025 00:00:00;32339,650000;307407,210000;339746,860000;0,000000;"M";"20171004OK5TX00OQZTC";"SHERATON RIO HOTEL RESORTS";"765";"20250228PHYYBI0QZJ3T";1;2;1
"1101060453";"2501";01/01/2025 00:00:00;31/01/2025 00:00:00;0,000000;5198,000000;5198,000000;0,000000;"M";"20171004OK5TX00OQZTK";"TURISMO CLASSICO";"773";"20250228PHYYBI0QZJ3T";1;2;1
"1101060457";"2501";01/01/2025 00:00:00;31/01/2025 00:00:00;10627,200000;283429,400000;292559,400000;1497,200000;"M";"20171004OK5TX00OQZTO";"TOURMED OPERADORA DE TURISMO";"777";"20250228PHYYBI0QZJ3T";1;2;1
"1101060459";"2504";01/04/2025 00:00:00;30/04/2025 00:00:00;0,000000;1381,790000;1381,790000;0,000000;"M";"20171004OK5TX00OQZTQ";"TAKE TOURS RJ";"779";"20250626TCBOOS1DMLNX";1;2;1
"1101060462";"2501";01/01/2025 00:00:00;31/01/2025 00:00:00;5929,500000;0,000000;0,000000;5929,500000;"M";"20171004OK5TX00OQZTT";"THE TREE AGENCIAS DE VIAGENS";"782";"20250228PHYYBI0QZJ3T";1;2;1
"1101060476";"2502";01/02/2025 00:00:00;28/02/2025 00:00:00;0,000000;4087,400000;4087,400000;0,000000;"M";"20171004OK5TX00OQZU7";"WAY TOGO GROUP INCOMING DEPARTAMENT";"796";"20250228PHYYBI0QZU6J";1;2;1
"1101060495";"2501";01/01/2025 00:00:00;31/01/2025 00:00:00;3848,000000;59814,000000;60288,000000;3374,000000;"M";"20171004OK5TX00OQZUQ";"GM TRAVEL";"815";"20250228PHYYBI0QZJ3T";1;2;1
"1101060508";"2501";01/01/2025 00:00:00;31/01/2025 00:00:00;303515,340000;2809553,950000;2855087,080000;257982,210000;"M";"20171004OK5TX00OQZV3";"VENDA TD DESK";"828";"20250228PHYYBI0QZJ3T";1;2;1
"1101060517";"2502";01/02/2025 00:00:00;28/02/2025 00:00:00;0,000000;6120,000000;6120,000000;0,000000;"M";"20171004OK5TX00OQZVC";"TOURS GONE WILD";"837";"20250228PHYYBI0QZU6J";1;2;1
"1101060519";"2501";01/01/2025 00:00:00;31/01/2025 00:00:00;1390,000000;26108,000000;27498,000000;0,000000;"M";"20171004OK5TX00OQZVE";"DIO BERKANA MARKETING COMUNICACAO VIAGENS E CONGRESSOS LTDA";"839";"20250228PHYYBI0QZJ3T";1;2;1
"1101060522";"2501";01/01/2025 00:00:00;31/01/2025 00:00:00;13020,010000;245865,860000;258876,870000;9,000000;"M";"20171004OK5TX00OQZVH";"JOURNEYS AGENCIA DE VIAGENS";"842";"20250228PHYYBI0QZJ3T";1;2;1
"1101060525";"2503";01/03/2025 00:00:00;31/03/2025 00:00:00;0,000000;510,850000;510,850000;0,000000;"M";"20171004OK5TX00OQZVK";"CLIENTE DIRETO";"845";"20250428VZYUW511CXDL";1;2;1
"1101060563";"2501";01/01/2025 00:00:00;31/01/2025 00:00:00;16128,020000;151873,190000;168001,210000;0,000000;"M";"20171004OK5TX00OQZWM";"NANO TURISMO E SERVIÇOS DIGITAIS EIRELI";"883";"20250228PHYYBI0QZJ3T";1;2;1
"1101060629";"2501";01/01/2025 00:00:00;31/01/2025 00:00:00;243874,510000;0,000000;0,000000;243874,510000;"M";"20171004OK5TX00OQZYG";"GRAYLINE.COM";"949";"20250228PHYYBI0QZJ3T";1;2;1
"1101060637";"2501";01/01/2025 00:00:00;31/01/2025 00:00:00;1016977,090000;3165552,420000;3392123,160000;790406,350000;"M";"20171004OK5TX00OQZYO";"VIATOR";"957";"20250228PHYYBI0QZJ3T";1;2;1
"1101060643";"2501";01/01/2025 00:00:00;31/01/2025 00:00:00;111353,820000;929246,550000;925821,860000;114778,510000;"M";"20171004OK5TX00OQZYU";"GET YOUR GUIDE";"963";"20250228PHYYBI0QZJ3T";1;2;1
"1101060646";"2501";01/01/2025 00:00:00;31/01/2025 00:00:00;217247,130000;151524,220000;255849,790000;112921,560000;"M";"20171004OK5TX00OQZYX";"SHORE EXCURSIONS";"966";"20250228PHYYBI0QZJ3T";1;2;1
"1101060647";"2501";01/01/2025 00:00:00;31/01/2025 00:00:00;15740,120000;0,000000;0,000000;15740,120000;"M";"20171004OK5TX00OQZYY";"MLT VACATION";"967";"20250228PHYYBI0QZJ3T";1;2;1
"1101060648";"2501";01/01/2025 00:00:00;31/01/2025 00:00:00;6344,070000;2491,190000;0,000000;8835,260000;"M";"20171004OK5TX00OQZYZ";"CEETIZ";"968";"20250228PHYYBI0QZJ3T";1;2;1
"1101060651";"2501";01/01/2025 00:00:00;31/01/2025 00:00:00;18606,720000;65335,860000;58713,470000;25229,110000;"M";"20171004OK5TX00OQZZ2";"VELTRA CORPORATION";"971";"20250228PHYYBI0QZJ3T";1;2;1
"1101060665";"2501";01/01/2025 00:00:00;31/01/2025 00:00:00;353364,000000;843772,000000;1197136,000000;0,000000;"M";"20171004OK5TX00OQZZG";"AMERICAN AIRLINES";"985";"20250228PHYYBI0QZJ3T";1;2;1
"1101060668";"2501";01/01/2025 00:00:00;31/01/2025 00:00:00;5534,000000;155154,000000;159834,000000;854,000000;"M";"20171011OK5TX70XX9EH";"PASSION (EXCLUZIVE)";"988";"20250228PHYYBI0QZJ3T";1;2;1
"1101060669";"2501";01/01/2025 00:00:00;31/01/2025 00:00:00;0,000000;139860,500000;139860,500000;0,000000;"M";"20171011OK5TX70XX9EI";"SAT TOURS (ISATA)";"989";"20250228PHYYBI0QZJ3T";1;2;1
"1101060670";"2501";01/01/2025 00:00:00;31/01/2025 00:00:00;2458,000000;138640,500000;141098,500000;0,000000;"M";"20171011OK5TX70XX9EJ";"IDEIA TOUR (VAN STEEN)";"990";"20250228PHYYBI0QZJ3T";1;2;1
"1101060672";"2501";01/01/2025 00:00:00;31/01/2025 00:00:00;354424,320000;297796,390000;341433,980000;310786,730000;"M";"20171011OK5TX70XX9EL";"TRAVELSCAPE";"992";"20250228PHYYBI0QZJ3T";1;2;1
"1101060676";"2501";01/01/2025 00:00:00;31/01/2025 00:00:00;89899,350000;182311,560000;196060,920000;76149,990000;"M";"20171011OK5TX70XX9EP";"MUSEMENT SPA";"996";"20250228PHYYBI0QZJ3T";1;2;1
"1101060685";"2501";01/01/2025 00:00:00;31/01/2025 00:00:00;668,550000;0,000000;0,000000;668,550000;"M";"20180413OK5TXD13YGUC";"HAPPY TO VISIT";"1005";"20250228PHYYBI0QZJ3T";1;2;1
"1101060689";"2501";01/01/2025 00:00:00;31/01/2025 00:00:00;5978,360000;0,000000;0,000000;5978,360000;"M";"20180413OK5TXD140E48";"PROJECTEXPEDITION";"1009";"20250228PHYYBI0QZJ3T";1;2;1
"1101060707";"2501";01/01/2025 00:00:00;31/01/2025 00:00:00;1272,000000;34683,000000;33235,000000;2720,000000;"M";"20180828TAB8560JH3GB";"PEGASUS DO BRASIL";"1027";"20250228PHYYBI0QZJ3T";1;2;1
"1101060711";"2501";01/01/2025 00:00:00;31/01/2025 00:00:00;12,590000;0,000000;0,000000;12,590000;"M";"20180828TAB8560K0IO8";"CIVITATIS TOUR";"1031";"20250228PHYYBI0QZJ3T";1;2;1
"1101060718";"2501";01/01/2025 00:00:00;31/01/2025 00:00:00;4686,000000;36740,200000;41121,200000;305,000000;"M";"20181109TAB8570XX5U7";"BRASIL COOL TURISMO LTDA";"1038";"20250228PHYYBI0QZJ3T";1;2;1
"1101060737";"2502";01/02/2025 00:00:00;28/02/2025 00:00:00;0,000000;26033,720000;26033,720000;0,000000;"M";"20191118TAB85N0U8G8F";"BEBRAZIL DMC VIAGENS E TURISMO";"1057";"20250228PHYYBI0QZU6J";1;2;1
"1101060738";"2501";01/01/2025 00:00:00;31/01/2025 00:00:00;263680,840000;309824,280000;285226,770000;288278,350000;"M";"20191118TAB85N0U9C6S";"TIQETS INTERNATIONAL";"1058";"20250228PHYYBI0QZJ3T";1;2;1
"1102";"2501";01/01/2025 00:00:00;31/01/2025 00:00:00;68197,120000;24057455,510000;23745142,560000;380510,070000;"M";"20171004OK5TX00OQZZH";"ADIANTAMENTOS";"1110";"20250228PHYYBI0QZJ3T";1;1;1
"110201";"2501";01/01/2025 00:00:00;31/01/2025 00:00:00;0,000000;264813,090000;264813,090000;0,000000;"M";"20171004OK5TX00OQZZI";"ADIANTAMENTO A FUNCIONARIOS";"1111";"20250228PHYYBI0QZJ3T";1;1;1
"1102010001";"2504";01/04/2025 00:00:00;30/04/2025 00:00:00;0,000000;29485,000000;29485,000000;0,000000;"M";"20171004OK5TX00OQZZJ";"ADIANTAMENTO DE 13º SALÁRIO";"1112";"20250626TCBOOS1DMLNX";1;2;1
"1102010002";"2503";01/03/2025 00:00:00;31/03/2025 00:00:00;0,000000;76420,640000;76420,640000;0,000000;"M";"20171004OK5TX00OQZZK";"ADIANTAMENTO DE FÉRIAS";"1113";"20250428VZYUW511CXDL";1;2;1
"1102010003";"2501";01/01/2025 00:00:00;31/01/2025 00:00:00;0,000000;150967,450000;150967,450000;0,000000;"M";"20171004OK5TX00OQZZL";"ADIANTAMENTOS DE SALARIOS";"1114";"20250228PHYYBI0QZJ3T";1;2;1
"1102010004";"2501";01/01/2025 00:00:00;31/01/2025 00:00:00;0,000000;5900,000000;5900,000000;0,000000;"M";"20171004OK5TX00OQZZM";"EMPRESTIMOS A FUNCIONARIOS";"1115";"20250228PHYYBI0QZJ3T";1;2;1
"1102010015";"2511";01/11/2025 00:00:00;30/11/2025 00:00:00;0,000000;2040,000000;2040,000000;0,000000;"M";"20190730TAB85K0SP7V4";"QUICKLY TRAVEL AGENCIA";"1160";"20251112TAWMZN133Y5W";1;2;1
"110202";"2501";01/01/2025 00:00:00;31/01/2025 00:00:00;68197,120000;23792642,420000;23480329,470000;380510,070000;"M";"20171004OK5TX00OQZZT";"ADIANTAMENTO A FORNECEDORES";"1130";"20250228PHYYBI0QZJ3T";1;1;1
"1102020012";"2505";01/05/2025 00:00:00;31/05/2025 00:00:00;0,000000;350,000000;350,000000;0,000000;"M";"20171004OK5TX00OR005";"A TO Z TOURS TURISMO LTDA.";"1142";"20250626TCBOOS1DN1C3";1;2;1
"1102020025";"2501";01/01/2025 00:00:00;31/01/2025 00:00:00;37097,580000;23792292,420000;23479979,470000;349410,530000;"M";"20171004OK5TX00OR00I";"FORNECEDORES - PAGAMENTOS";"1155";"20250228PHYYBI0QZJ3T";1;2;1
"1102020026";"2501";01/01/2025 00:00:00;31/01/2025 00:00:00;31099,540000;0,000000;0,000000;31099,540000;"M";"20190411TAB85I0OZR87";"ADIANTAMENTO A FORNECEDORES";"1156";"20250228PHYYBI0QZJ3T";1;2;1
"1103";"2501";01/01/2025 00:00:00;31/01/2025 00:00:00;11511,720000;39854,810000;0,000000;51366,530000;"M";"20171004OK5TX00OR00J";"IMPOSTOS E CONTRIBUIÇÕES A RECUPERAR";"1170";"20250228PHYYBI0QZJ3T";1;1;1
"110301";"2501";01/01/2025 00:00:00;31/01/2025 00:00:00;11511,720000;39854,810000;0,000000;51366,530000;"M";"20171004OK5TX00OR00K";"IMPOSTOS A RECUPERAR";"1171";"20250228PHYYBI0QZJ3T";1;1;1
"1103010001";"2501";01/01/2025 00:00:00;31/01/2025 00:00:00;11511,720000;39854,810000;0,000000;51366,530000;"M";"20171004OK5TX00OR00L";"IRRF S/REND. APLICAÇÕES FINANCEIRAS";"1172";"20250228PHYYBI0QZJ3T";1;2;1
"1104";"2501";01/01/2025 00:00:00;31/01/2025 00:00:00;4827318,270000;300000,000000;4827318,270000;300000,000000;"M";"20171004OK5TX00OR01D";"OUTRAS CONTAS A RECEBER";"1220";"20250228PHYYBI0QZJ3T";1;1;1
"110401";"2512";01/12/2025 00:00:00;31/12/2025 00:00:00;0,000000;300000,000000;0,000000;300000,000000;"M";"20171004OK5TX00OR01E";"CONTAS A RECEBER";"1221";"20251218TAWMZN0PFUOJ";1;1;1
"1104010022";"2512";01/12/2025 00:00:00;31/12/2025 00:00:00;0,000000;300000,000000;0,000000;300000,000000;"M";"20171004OK5TX00OR020";"ADIANTAMENTO A SOCIO";"1243";"20251218TAWMZN0PFUOJ";1;2;1
"110402";"2501";01/01/2025 00:00:00;31/01/2025 00:00:00;4827318,270000;0,000000;4827318,270000;0,000000;"M";"20171004OK5TX00OR03N";"C/C INTERCIAS";"1330";"20250228PHYYBI0QZJ3T";1;1;1
"1104020026";"2501";01/01/2025 00:00:00;31/01/2025 00:00:00;4292318,270000;0,000000;4292318,270000;0,000000;"M";"20171004OK5TX00OR04D";"PREMIUM";"1356";"20250228PHYYBI0QZJ3T";1;2;1
"1104020033";"2501";01/01/2025 00:00:00;31/01/2025 00:00:00;535000,000000;0,000000;535000,000000;0,000000;"M";"20171004OK5TX00OR04K";"PALLAS OPERADORA TURISTICA LTDA";"1363";"20250228PHYYBI0QZJ3T";1;2;1
"12";"2501";01/01/2025 00:00:00;31/01/2025 00:00:00;12129004,750000;267554,910000;632839,130000;11763720,530000;"M";"20171004OK5TX00OR05X";"ATIVO NÃO CIRCULANTE";"1500";"20250228PHYYBI0QZJ3T";1;1;1
"1201";"2501";01/01/2025 00:00:00;31/01/2025 00:00:00;11681194,160000;2388,200000;75,100000;11683507,260000;"M";"20171004OK5TX00OR05Y";"REALIZÁVEL A LONGO PRAZO";"1501";"20250228PHYYBI0QZJ3T";1;1;1
"120107";"2501";01/01/2025 00:00:00;31/01/2025 00:00:00;11681194,160000;2388,200000;75,100000;11683507,260000;"M";"20171004OK5TX00OR08K";"INVESTIMENTOS";"1630";"20250228PHYYBI0QZJ3T";1;1;1
"1201070018";"2504";01/04/2025 00:00:00;30/04/2025 00:00:00;0,000000;2388,200000;75,100000;2313,100000;"M";"20190913LXNUNT0Y4FIO";"INVESTIMENTOS";"1648";"20250626TCBOOS1DMLNX";1;2;1
"1201070019";"2501";01/01/2025 00:00:00;31/01/2025 00:00:00;11681194,160000;0,000000;0,000000;11681194,160000;"M";"20211222TAB85Z10YVJI";"INVESTIMENTO - TVEX";"1649";"20250228PHYYBI0QZJ3T";1;2;1
"1203";"2501";01/01/2025 00:00:00;31/01/2025 00:00:00;447810,590000;265166,710000;632764,030000;80213,270000;"M";"20171004OK5TX00OR09C";"IMOBILIZADO";"1690";"20250228PHYYBI0QZJ3T";1;1;1
"120301";"2501";01/01/2025 00:00:00;31/01/2025 00:00:00;384245,880000;140000,000000;495000,000000;29245,880000;"M";"20171004OK5TX00OR09D";"BENS EM OPERAÇÃO";"1691";"20250228PHYYBI0QZJ3T";1;1;1
"1203010035";"2501";01/01/2025 00:00:00;31/01/2025 00:00:00;1540,000000;0,000000;0,000000;1540,000000;"M";"20171004OK5TX00OR0AC";"IMPRESSORAS/COPIADORAS";"1726";"20250228PHYYBI0QZJ3T";1;2;1
"1203010039";"2501";01/01/2025 00:00:00;31/01/2025 00:00:00;355000,000000;140000,000000;495000,000000;0,000000;"M";"20171004OK5TX00OR0AG";"VEICULOS";"1730";"20250228PHYYBI0QZJ3T";1;2;1
"1203010040";"2501";01/01/2025 00:00:00;31/01/2025 00:00:00;7140,350000;0,000000;0,000000;7140,350000;"M";"20171004OK5TX00OR0AH";"MÓVEIS, UTENSÍLIOS E INSTALAÇÕES";"1731";"20250228PHYYBI0QZJ3T";1;2;1
"1203010041";"2501";01/01/2025 00:00:00;31/01/2025 00:00:00;20565,530000;0,000000;0,000000;20565,530000;"M";"20171004OK5TX00OR0AI";"EQUIPAMENTOS DE INFORMÁTICA";"1732";"20250228PHYYBI0QZJ3T";1;2;1
"120302";"2501";01/01/2025 00:00:00;31/01/2025 00:00:00;-25080,550000;124166,710000;124880,710000;-25794,550000;"M";"20171004OK5TX00OR0AM";"(-) DEPRECIAÇÕES ACUMULADAS";"1800";"20250228PHYYBI0QZJ3T";1;1;1
"1203020013";"2501";01/01/2025 00:00:00;31/01/2025 00:00:00;0,000000;124166,710000;124166,710000;0,000000;"M";"20171004OK5TX00OR0AZ";"(-) DEPRC. VEICULOS";"1813";"20250228PHYYBI0QZJ3T";1;2;1
"1203020021";"2501";01/01/2025 00:00:00;31/01/2025 00:00:00;-2975,020000;0,000000;714,000000;-3689,020000;"M";"20171004OK5TX00OR0B7";"(-) DEPRECIACAO MÓVEIS, UTENSÍLIOS E INSTALAÇÕES";"1821";"20250228PHYYBI0QZJ3T";1;2;1
"1203020022";"2501";01/01/2025 00:00:00;31/01/2025 00:00:00;-22105,530000;0,000000;0,000000;-22105,530000;"M";"20171004OK5TX00OR0B8";"(-) DEPRECIACAO EQUIPAMENTOS DE INFORMÁTICA";"1822";"20250228PHYYBI0QZJ3T";1;2;1
"120303";"2501";01/01/2025 00:00:00;31/01/2025 00:00:00;115650,360000;1000,000000;0,000000;116650,360000;"M";"20171004OK5TX00OR0BM";"INTANGIVEL";"1850";"20250228PHYYBI0QZJ3T";1;1;1
"1203030001";"2501";01/01/2025 00:00:00;31/01/2025 00:00:00;64416,560000;0,000000;0,000000;64416,560000;"M";"20171004OK5TX00OR0BN";"SOFTWARE";"1851";"20250228PHYYBI0QZJ3T";1;2;1
"1203030002";"2501";01/01/2025 00:00:00;31/01/2025 00:00:00;51233,800000;1000,000000;0,000000;52233,800000;"M";"20171004OK5TX00OR0BO";"MARCAS E PATENTES";"1852";"20250228PHYYBI0QZJ3T";1;2;1
"120304";"2501";01/01/2025 00:00:00;31/01/2025 00:00:00;-27005,100000;0,000000;12883,320000;-39888,420000;"M";"20171004OK5TX00OR0BS";"( - ) AMORTIZAÇÕES ACUMULADAS";"1870";"20250228PHYYBI0QZJ3T";1;1;1
"1203040003";"2501";01/01/2025 00:00:00;31/01/2025 00:00:00;-27005,100000;0,000000;12883,320000;-39888,420000;"M";"20171004OK5TX00OR0BV";"( - ) AMORTIZAÇÃO HARDWARE / SOFTWARE";"1873";"20250228PHYYBI0QZJ3T";1;2;1
"2";"2501";01/01/2025 00:00:00;31/01/2025 00:00:00;24342020,960000;102211740,450000;92924600,840000;15054881,350000;"M";"20171004OK5TX00OR0BX";"PASSIVO";"2000";"20250228PHYYBI0QZJ3T";1;1;2
"21";"2501";01/01/2025 00:00:00;31/01/2025 00:00:00;22724755,770000;97941616,600000;91334476,990000;16117616,160000;"M";"20171004OK5TX00OR0BY";"PASSIVO CIRCULANTE";"2001";"20250228PHYYBI0QZJ3T";1;1;2
"2101";"2501";01/01/2025 00:00:00;31/01/2025 00:00:00;121280,480000;0,000000;0,000000;121280,480000;"M";"20171004OK5TX00OR0BZ";"EMPRESTIMOS E FINANCIAMENTOS";"2002";"20250228PHYYBI0QZJ3T";1;1;2
"210101";"2501";01/01/2025 00:00:00;31/01/2025 00:00:00;121280,480000;0,000000;0,000000;121280,480000;"M";"20171004OK5TX00OR0C0";"EMPRÉSTIMOS E FINANCIAMENTOS";"2003";"20250228PHYYBI0QZJ3T";1;1;2
"2101010038";"2501";01/01/2025 00:00:00;31/01/2025 00:00:00;121280,480000;0,000000;0,000000;121280,480000;"M";"20200921TAB8590P53U0";"EMPRÉSTIMO BANCO CAIXA ECONOMICA";"2041";"20250228PHYYBI0QZJ3T";1;2;2
"2102";"2501";01/01/2025 00:00:00;31/01/2025 00:00:00;1565328,940000;20926414,510000;20805154,840000;1444069,270000;"M";"20171004OK5TX00OR0CY";"FORNECEDORES DIVERSOS";"2050";"20250228PHYYBI0QZJ3T";1;1;2
"210201";"2501";01/01/2025 00:00:00;31/01/2025 00:00:00;1565328,940000;20926414,510000;20805154,840000;1444069,270000;"M";"20171004OK5TX00OR0CZ";"FORNECEDORES";"2051";"20250228PHYYBI0QZJ3T";1;1;2
"2102010002";"2501";01/01/2025 00:00:00;31/01/2025 00:00:00;104304,500000;3063041,000000;3240251,100000;281514,600000;"M";"20171004OK5TX00OR0D1";"PÃO DE AÇÚCAR";"2053";"20250228PHYYBI0QZJ3T";1;2;2
"2102010003";"2501";01/01/2025 00:00:00;31/01/2025 00:00:00;0,000000;8180,000000;8180,000000;0,000000;"M";"20171004OK5TX00OR0D2";"NO EXTREME";"2054";"20250228PHYYBI0QZJ3T";1;2;2
"2102010006";"2502";01/02/2025 00:00:00;28/02/2025 00:00:00;0,000000;500,000000;500,000000;0,000000;"M";"20171004OK5TX00OR0D5";"RIO SCENARIUM";"2057";"20250228PHYYBI0QZU6J";1;2;2
"2102010008";"2501";01/01/2025 00:00:00;31/01/2025 00:00:00;0,000000;390,000000;390,000000;0,000000;"M";"20171004OK5TX00OR0D7";"ABAV CARNAVAL";"2059";"20250228PHYYBI0QZJ3T";1;2;2
"2102010013";"2501";01/01/2025 00:00:00;31/01/2025 00:00:00;80070,000000;1042358,120000;962288,120000;0,000000;"M";"20171004OK5TX00OR0DC";"RESTAURANTE CARRETÃO";"2064";"20250228PHYYBI0QZJ3T";1;2;2
"2102010021";"2507";01/07/2025 00:00:00;31/07/2025 00:00:00;0,000000;1575,000000;1575,000000;0,000000;"M";"20171004OK5TX00OR0DK";"LE TERRAZZE DI ROMA";"2072";"20250826TCBOOH12I1YF";1;2;2
"2102010024";"2501";01/01/2025 00:00:00;31/01/2025 00:00:00;15746,000000;52720,000000;36974,000000;0,000000;"M";"20171004OK5TX00OR0DN";"JEEP TOUR";"2075";"20250228PHYYBI0QZJ3T";1;2;2
"2102010026";"2501";01/01/2025 00:00:00;31/01/2025 00:00:00;7360,000000;60600,000000;53240,000000;0,000000;"M";"20171004OK5TX00OR0DP";"HELISIGHT";"2077";"20250228PHYYBI0QZJ3T";1;2;2
"2102010031";"2501";01/01/2025 00:00:00;31/01/2025 00:00:00;21479,800000;125514,700000;104034,900000;0,000000;"M";"20171004OK5TX00OR0DU";"LUCK VIAGENS MACEIO";"2082";"20250228PHYYBI0QZJ3T";1;2;2
"2102010032";"2501";01/01/2025 00:00:00;31/01/2025 00:00:00;5202,500000;36354,500000;37952,000000;6800,000000;"M";"20171004OK5TX00OR0DV";"PARATI TOURS";"2083";"20250228PHYYBI0QZJ3T";1;2;2
"2102010039";"2501";01/01/2025 00:00:00;31/01/2025 00:00:00;9050,000000;332925,000000;323875,000000;0,000000;"M";"20171004OK5TX00OR0E2";"MARCELO VAN";"2090";"20250228PHYYBI0QZJ3T";1;2;2
"2102010040";"2501";01/01/2025 00:00:00;31/01/2025 00:00:00;350,000000;39618,540000;39268,540000;0,000000;"M";"20171004OK5TX00OR0E3";"LUCK VIAGENS PARAIBA";"2091";"20250228PHYYBI0QZJ3T";1;2;2
"2102010042";"2501";01/01/2025 00:00:00;31/01/2025 00:00:00;39661,550000;1127070,000000;1091320,000000;3911,550000;"M";"20171004OK5TX00OR0E5";"RPA - AUTONOMOS";"2093";"20250228PHYYBI0QZJ3T";1;2;2
"2102010044";"2501";01/01/2025 00:00:00;31/01/2025 00:00:00;860,000000;6100,200000;5240,200000;0,000000;"M";"20171004OK5TX00OR0E7";"HB 11 LOCADORA DE VEICULOS TDA.";"2095";"20250228PHYYBI0QZJ3T";1;2;2
"2102010047";"2501";01/01/2025 00:00:00;31/01/2025 00:00:00;2656,400000;150535,140000;147878,740000;0,000000;"M";"20171004OK5TX00OR0EA";"CG TUR FLORIANOPÓLIS.";"2098";"20250228PHYYBI0QZJ3T";1;2;2
"2102010049";"2501";01/01/2025 00:00:00;31/01/2025 00:00:00;9156,000000;190151,900000;180995,900000;0,000000;"M";"20171004OK5TX00OR0EC";"LUCK VIAGENS RECIFE";"2100";"20250228PHYYBI0QZJ3T";1;2;2
"2102010050";"2501";01/01/2025 00:00:00;31/01/2025 00:00:00;2477,800000;165688,200000;163210,400000;0,000000;"M";"20171004OK5TX00OR0ED";"LUCK VIAGENS NATAL";"2101";"20250228PHYYBI0QZJ3T";1;2;2
"2102010051";"2501";01/01/2025 00:00:00;31/01/2025 00:00:00;5990,110000;84217,330000;78227,220000;0,000000;"M";"20171004OK5TX00OR0EE";"LUCK VIAGENS SALVADOR";"2102";"20250228PHYYBI0QZJ3T";1;2;2
"2102010055";"2501";01/01/2025 00:00:00;31/01/2025 00:00:00;2171,910000;46779,940000;44608,030000;0,000000;"M";"20171004OK5TX00OR0EI";"TOUR SHOP.";"2106";"20250228PHYYBI0QZJ3T";1;2;2
"2102010064";"2501";01/01/2025 00:00:00;31/01/2025 00:00:00;1520,000000;77145,000000;75625,000000;0,000000;"M";"20171004OK5TX00OR0ER";"TAGUATUR - SÃO LUIZ";"2115";"20250228PHYYBI0QZJ3T";1;2;2
"2102010068";"2501";01/01/2025 00:00:00;31/01/2025 00:00:00;10477,000000;244064,000000;233587,000000;0,000000;"M";"20171004OK5TX00OR0EV";"BROCKER - GRAMADO";"2119";"20250228PHYYBI0QZJ3T";1;2;2
"2102010078";"2501";01/01/2025 00:00:00;31/01/2025 00:00:00;0,000000;24613,000000;24613,000000;0,000000;"M";"20171004OK5TX00OR0F5";"AROUND SP";"2129";"20250228PHYYBI0QZJ3T";1;2;2
"2102010079";"2501";01/01/2025 00:00:00;31/01/2025 00:00:00;19508,500000;97800,000000;97800,000000;19508,500000;"M";"20171004OK5TX00OR0F6";"TRANSFER CAMPEONATOS";"2130";"20250228PHYYBI0QZJ3T";1;2;2
"2102010082";"2501";01/01/2025 00:00:00;31/01/2025 00:00:00;0,000000;299457,180000;299457,180000;0,000000;"M";"20171004OK5TX00OR0F9";"JW TRANSPORTE";"2133";"20250228PHYYBI0QZJ3T";1;2;2
"2102010092";"2501";01/01/2025 00:00:00;31/01/2025 00:00:00;31137,000000;490726,000000;459589,000000;0,000000;"M";"20171004OK5TX00OR0FJ";"SERRA VERDE";"2143";"20250228PHYYBI0QZJ3T";1;2;2
"2102010095";"2501";01/01/2025 00:00:00;31/01/2025 00:00:00;40000,000000;1028177,000000;1092376,000000;104199,000000;"M";"20171004OK5TX00OR0FM";"PAINEIRAS CORCOVADO";"2146";"20250228PHYYBI0QZJ3T";1;2;2
"2102010098";"2501";01/01/2025 00:00:00;31/01/2025 00:00:00;702,000000;11304,000000;10656,000000;54,000000;"M";"20171004OK5TX00OR0FP";"JAGUANUM NAVEGAÇÃO";"2149";"20250228PHYYBI0QZJ3T";1;2;2
"2102010144";"2511";01/11/2025 00:00:00;30/11/2025 00:00:00;0,000000;1000,000000;1000,000000;0,000000;"M";"20171004OK5TX00OR0GZ";"INSTITUTO NACIONAL DA PROPRIEDADE INDUSTRIAL";"2195";"20251112TAWMZN133Y5W";1;2;2
"2102010156";"2511";01/11/2025 00:00:00;30/11/2025 00:00:00;0,000000;0,000000;10087,150000;10087,150000;"M";"20171004OK5TX00OR0HB";"PROVISAO DE FGTS";"2207";"20251112TAWMZN133Y5W";1;2;2
"2102010164";"2501";01/01/2025 00:00:00;31/01/2025 00:00:00;1493,060000;23036,360000;24543,300000;3000,000000;"M";"20171004OK5TX00OR0HJ";"TELEFONE";"2215";"20250228PHYYBI0QZJ3T";1;2;2
"2102010165";"2502";01/02/2025 00:00:00;28/02/2025 00:00:00;0,000000;1375,000000;1375,000000;0,000000;"M";"20171004OK5TX00OR0HK";"INTERNET E MATERIAL DE INFORMATICA";"2216";"20250228PHYYBI0QZU6J";1;2;2
"2102010176";"2508";01/08/2025 00:00:00;31/08/2025 00:00:00;0,000000;124952,640000;124952,640000;0,000000;"M";"20171004OK5TX00OR0HV";"MUTUO";"2227";"20250826TCBOOH12IEZK";1;2;2
"2102010204";"2501";01/01/2025 00:00:00;31/01/2025 00:00:00;200000,000000;321801,990000;363044,280000;241242,290000;"M";"20171004OK5TX00OR0IN";"FORNECEDORES DE SERVIÇOS";"2255";"20250228PHYYBI0QZJ3T";1;2;2
"2102010235";"2501";01/01/2025 00:00:00;31/01/2025 00:00:00;6975,000000;132803,960000;125828,960000;0,000000;"M";"20171004OK5TX00OR0JI";"COMISSÃO MEIS";"2286";"20250228PHYYBI0QZJ3T";1;2;2
"2102010242";"2501";01/01/2025 00:00:00;31/01/2025 00:00:00;38745,110000;492582,970000;453837,860000;0,000000;"M";"20171004OK5TX00OR0JP";"SERVIÇOS PRESTADOS OPERACIONAIS";"2293";"20250228PHYYBI0QZJ3T";1;2;2
"2102010249";"2501";01/01/2025 00:00:00;31/01/2025 00:00:00;0,000000;154,450000;154,450000;0,000000;"M";"20171004OK5TX00OR0JW";"PORTO SEGURO CIA DE SEGUROS GERAIS";"2300";"20250228PHYYBI0QZJ3T";1;2;2
"2102010250";"2506";01/06/2025 00:00:00;30/06/2025 00:00:00;0,000000;708,650000;708,650000;0,000000;"M";"20171004OK5TX00OR0JX";"CAMILO RAFAEL RAMIREZ ARAOZ";"2301";"20250626TCBOOS1DNFWR";1;2;2
"2102010267";"2501";01/01/2025 00:00:00;31/01/2025 00:00:00;464882,380000;8135901,570000;8132569,040000;461549,850000;"M";"20171004OK5TX00OR0KE";"FORNECEDOR OPERACIONAL";"2318";"20250228PHYYBI0QZJ3T";1;2;2
"2102010308";"2501";01/01/2025 00:00:00;31/01/2025 00:00:00;0,000000;17940,000000;17940,000000;0,000000;"M";"20171011OK5TX70XX9FW";"MONIQUE SARA SANTOS DA SILVA";"2359";"20250228PHYYBI0QZJ3T";1;2;2
"2102010321";"2501";01/01/2025 00:00:00;31/01/2025 00:00:00;42416,000000;931313,000000;888897,000000;0,000000;"M";"20171011OK5TX70XX9G9";"TREM DO CORCOVADO";"2372";"20250228PHYYBI0QZJ3T";1;2;2
"2102010323";"2501";01/01/2025 00:00:00;31/01/2025 00:00:00;0,000000;217634,670000;276600,270000;58965,600000;"M";"20171011OK5TX70XX9GB";"INGRESSOS TOURS";"2374";"20250228PHYYBI0QZJ3T";1;2;2
"2102010326";"2501";01/01/2025 00:00:00;31/01/2025 00:00:00;3517,000000;23697,000000;20180,000000;0,000000;"M";"20171011OK5TX70XX9GE";"JOSÉ HENRIQUE";"2377";"20250228PHYYBI0QZJ3T";1;2;2
"2102010327";"2501";01/01/2025 00:00:00;31/01/2025 00:00:00;174739,000000;1091064,000000;919325,000000;3000,000000;"M";"20171011OK5TX70XX9GF";"ALIANÇA DE BANGU";"2378";"20250228PHYYBI0QZJ3T";1;2;2
"2102010330";"2501";01/01/2025 00:00:00;31/01/2025 00:00:00;7295,400000;113891,000000;106595,600000;0,000000;"M";"20171011OK5TX70XX9GI";"INOVA PRODUÇÕES";"2381";"20250228PHYYBI0QZJ3T";1;2;2
"2102010334";"2501";01/01/2025 00:00:00;31/01/2025 00:00:00;3826,000000;23035,500000;19209,500000;0,000000;"M";"20171011OK5TX70XX9GM";"ATALAIA EMPREENDIMENTOS";"2385";"20250228PHYYBI0QZJ3T";1;2;2
"2102010359";"2508";01/08/2025 00:00:00;31/08/2025 00:00:00;0,000000;10730,000000;10730,000000;0,000000;"M";"20180828TAB8560IDLMR";"CARLOS SANTOS FERREIRA - CAR SERVICE";"3219";"20250826TCBOOH12IEZK";1;2;2
"2102010362";"2501";01/01/2025 00:00:00;31/01/2025 00:00:00;167171,820000;0,000000;39109,810000;206281,630000;"M";"20190517TAB85I10O4H2";"CAIXA GRAY LINE";"3222";"20250228PHYYBI0QZJ3T";1;2;2
"2102010380";"2501";01/01/2025 00:00:00;31/01/2025 00:00:00;432,000000;100186,000000;99754,000000;0,000000;"M";"20190730TAB85K0OWOIY";"AMAZON EXPLORERS MANAUS";"3240";"20250228PHYYBI0QZJ3T";1;2;2
"2102013822";"2501";01/01/2025 00:00:00;31/01/2025 00:00:00;43955,100000;355000,000000;355000,000000;43955,100000;"M";"20220622TAB8530T3RKZ";"A TO Z TOURS";"3558";"20250228PHYYBI0QZJ3T";1;2;2
"2103";"2501";01/01/2025 00:00:00;31/01/2025 00:00:00;54313,500000;1326397,340000;1623492,580000;351408,740000;"M";"20171004OK5TX00OR0KR";"OBRIGAÇÕES SOCIAIS / FISCAIS";"2400";"20250228PHYYBI0QZJ3T";1;1;2
"210301";"2501";01/01/2025 00:00:00;31/01/2025 00:00:00;33410,370000;1109432,900000;1419030,450000;343007,920000;"M";"20171004OK5TX00OR0KS";"OBRIGAÇÕES SOCIAIS";"2401";"20250228PHYYBI0QZJ3T";1;1;2
"2103010001";"2501";01/01/2025 00:00:00;31/01/2025 00:00:00;0,000000;685332,390000;828831,820000;143499,430000;"M";"20171004OK5TX00OR0KT";"SALÁRIOS A PAGAR";"2402";"20250228PHYYBI0QZJ3T";1;2;2
"2103010002";"2508";01/08/2025 00:00:00;31/08/2025 00:00:00;0,000000;2520,140000;2520,140000;0,000000;"M";"20171004OK5TX00OR0KU";"RESCISÃO A PAGAR";"2403";"20250826TCBOOH12IEZK";1;2;2
"2103010006";"2501";01/01/2025 00:00:00;31/01/2025 00:00:00;24461,100000;309725,920000;421184,140000;135919,320000;"M";"20171004OK5TX00OR0KY";"INSS A RECOLHER";"2407";"20250228PHYYBI0QZJ3T";1;2;2
"2103010009";"2501";01/01/2025 00:00:00;31/01/2025 00:00:00;5249,310000;87522,950000;104315,930000;22042,290000;"M";"20171004OK5TX00OR0L1";"FGTS A RECOLHER";"2410";"20250228PHYYBI0QZJ3T";1;2;2
"2103010016";"2501";01/01/2025 00:00:00;31/01/2025 00:00:00;3699,960000;24331,500000;62178,420000;41546,880000;"M";"20171004OK5TX00OR0L8";"IRRF S/FOLHA";"2417";"20250228PHYYBI0QZJ3T";1;2;2
"210302";"2501";01/01/2025 00:00:00;31/01/2025 00:00:00;20903,130000;216964,440000;204462,130000;8400,820000;"M";"20171004OK5TX00OR0LW";"OBRIGAÇÕES FISCAIS";"2450";"20250228PHYYBI0QZJ3T";1;1;2
"2103020001";"2506";01/06/2025 00:00:00;30/06/2025 00:00:00;0,000000;1628,260000;1628,260000;0,000000;"M";"20171004OK5TX00OR0LX";"IRRF A PAGAR";"2451";"20250626TCBOOS1DNFWR";1;2;2
"2103020004";"2504";01/04/2025 00:00:00;30/04/2025 00:00:00;0,000000;13931,310000;14562,590000;631,280000;"M";"20171004OK5TX00OR0M0";"PIS A RECOLHER";"2454";"20250626TCBOOS1DMLNX";1;2;2
"2103020005";"2504";01/04/2025 00:00:00;30/04/2025 00:00:00;0,000000;64344,490000;67258,080000;2913,590000;"M";"20171004OK5TX00OR0M1";"COFINS A RECOLHER";"2455";"20250626TCBOOS1DMLNX";1;2;2
"2103020007";"2501";01/01/2025 00:00:00;31/01/2025 00:00:00;20903,130000;55679,680000;39632,500000;4855,950000;"M";"20171004OK5TX00OR0M3";"I.S.S. A RECOLHER";"2457";"20250228PHYYBI0QZJ3T";1;2;2
"2103020014";"2504";01/04/2025 00:00:00;30/04/2025 00:00:00;0,000000;50862,940000;50862,940000;0,000000;"M";"20171004OK5TX00OR0MA";"IRPJ A RECOLHER";"2464";"20250626TCBOOS1DMLNX";1;2;2
"2103020016";"2504";01/04/2025 00:00:00;30/04/2025 00:00:00;0,000000;30517,760000;30517,760000;0,000000;"M";"20171004OK5TX00OR0MC";"IRRF AUTONOMOS";"2466";"20250626TCBOOS1DMLNX";1;2;2
"2105";"2501";01/01/2025 00:00:00;31/01/2025 00:00:00;1468784,290000;23974216,000000;22834392,950000;328961,240000;"M";"20171004OK5TX00OR0O7";"RECURSO DE TERCEIROS";"2560";"20250228PHYYBI0QZJ3T";1;1;2
"210501";"2501";01/01/2025 00:00:00;31/01/2025 00:00:00;96558135,020000;205476,630000;22673757,130000;119026415,520000;"M";"20171004OK5TX00OR0O8";"ADIANTAMENTO DE CLIENTES";"2561";"20250228PHYYBI0QZJ3T";1;1;2
"2105010002";"2501";01/01/2025 00:00:00;31/01/2025 00:00:00;88184419,100000;205476,630000;22673757,130000;110652699,600000;"M";"20171004OK5TX00OR0OA";"ADIANTAMENTO DE CLIENTES";"2563";"20250228PHYYBI0QZJ3T";1;2;2
"2105010003";"2501";01/01/2025 00:00:00;31/01/2025 00:00:00;8373715,920000;0,000000;0,000000;8373715,920000;"M";"20171004OK5TX00OR0OB";"ADIANTAMENTO DE CLIENTE CAMPEONATO";"2564";"20250228PHYYBI0QZJ3T";1;2;2
"210502";"2501";01/01/2025 00:00:00;31/01/2025 00:00:00;-95089350,730000;23768739,370000;160635,820000;-118697454,280000;"M";"20171004OK5TX00OR0OC";"(-) CUSTOS COM CLIENTES";"2570";"20250228PHYYBI0QZJ3T";1;1;2
"2105020002";"2501";01/01/2025 00:00:00;31/01/2025 00:00:00;-57921389,440000;23768739,370000;160635,820000;-81529492,990000;"M";"20171004OK5TX00OR0OE";"(-) CUSTOS DE ADIANTAMENTO DE CLIENTES";"2572";"20250228PHYYBI0QZJ3T";1;2;2
"2105020003";"2501";01/01/2025 00:00:00;31/01/2025 00:00:00;-37167961,290000;0,000000;0,000000;-37167961,290000;"M";"20171004OK5TX00OR0OF";"(-) CUSTOS DE ADIANTAMENTO DE CLIENTE CAMPEONATO";"2573";"20250228PHYYBI0QZJ3T";1;2;2
"2107";"2501";01/01/2025 00:00:00;31/01/2025 00:00:00;0,000000;196936,840000;196936,840000;0,000000;"M";"20171004OK5TX00OR0PM";"RECURSOS DE TERCEIROS";"2640";"20250228PHYYBI0QZJ3T";1;1;2
"210701";"2501";01/01/2025 00:00:00;31/01/2025 00:00:00;0,000000;196936,840000;196936,840000;0,000000;"M";"20171004OK5TX00OR0PN";"RECURSOS DE TERCEIROS";"2641";"20250228PHYYBI0QZJ3T";1;1;2
"2107010003";"2501";01/01/2025 00:00:00;31/01/2025 00:00:00;0,000000;196936,840000;196936,840000;0,000000;"M";"20201013VZYUWV117K1G";"RECURSOS DE TERCEIROS - NOTA DE DÉBITO/CRÉDITO";"2567";"20250228PHYYBI0QZJ3T";1;2;2
"2114";"2501";01/01/2025 00:00:00;31/01/2025 00:00:00;105744,210000;3260871,040000;3302871,040000;147744,210000;"M";"20171004OK5TX00OR0Y9";"CONTAS A PAGAR";"22000";"20250228PHYYBI0QZJ3T";1;1;2
"211401";"2501";01/01/2025 00:00:00;31/01/2025 00:00:00;105744,210000;3260871,040000;3302871,040000;147744,210000;"M";"20171004OK5TX00OR0YA";"CONTAS A PAGAR";"22001";"20250228PHYYBI0QZJ3T";1;1;2
"2114010012";"2501";01/01/2025 00:00:00;31/01/2025 00:00:00;0,000000;236895,830000;236895,830000;0,000000;"M";"20171004OK5TX00OR0YM";"ALUGUÉIS A PAGAR";"22013";"20250228PHYYBI0QZJ3T";1;2;2
"2114010074";"2502";01/02/2025 00:00:00;28/02/2025 00:00:00;0,000000;2938000,000000;2980000,000000;42000,000000;"M";"20171004OK5TX00OR10C";"LUCROS A PAGAR";"22075";"20250228PHYYBI0QZU6J";1;2;2
"2114010084";"2501";01/01/2025 00:00:00;31/01/2025 00:00:00;105744,210000;0,000000;0,000000;105744,210000;"M";"20171004OK5TX00OR10M";"RATEIO ADMINISTRAÇÃO CENTRAL";"22085";"20250228PHYYBI0QZJ3T";1;2;2
"2114010108";"2504";01/04/2025 00:00:00;30/04/2025 00:00:00;0,000000;130,000000;130,000000;0,000000;"M";"20180724TAB8570OZ4IA";"TAXAS E ASSINATURAS";"22109";"20250626TCBOOS1DMLNX";1;2;2
"2114010110";"2501";01/01/2025 00:00:00;31/01/2025 00:00:00;0,000000;80890,150000;80890,150000;0,000000;"M";"20180724TAB8570P02QV";"ONE TRAVEL";"22110";"20250228PHYYBI0QZJ3T";1;2;2
"2114010115";"2503";01/03/2025 00:00:00;31/03/2025 00:00:00;0,000000;4955,060000;4955,060000;0,000000;"M";"20180724TAB8570P50JI";"DEPOSITOS JUDICIAIS";"22115";"20250428VZYUW511CXDL";1;2;2
"2116";"2501";01/01/2025 00:00:00;31/01/2025 00:00:00;3162900,880000;43211679,830000;42571628,740000;2522849,790000;"M";"20171004OK5TX00OR11N";"OUTRAS OBRIGAÇÕES A PAGAR";"22190";"20250228PHYYBI0QZJ3T";1;1;2
"211601";"2501";01/01/2025 00:00:00;31/01/2025 00:00:00;3162900,880000;43211679,830000;42571628,740000;2522849,790000;"M";"20171004OK5TX00OR11O";"ADIANTAMENTOS DE CLIENTES";"22191";"20250228PHYYBI0QZJ3T";1;1;2
"2116010001";"2501";01/01/2025 00:00:00;31/01/2025 00:00:00;83761,120000;0,000000;1072,800000;84833,920000;"M";"20171004OK5TX00OR11P";"BLUMAR";"22192";"20250228PHYYBI0QZJ3T";1;2;2
"2116010026";"2501";01/01/2025 00:00:00;31/01/2025 00:00:00;649758,590000;18595709,850000;17945951,260000;0,000000;"M";"20171004OK5TX00OR12E";"CREDITOS NÃO IDENTIFICADO DE CLIENTES";"22217";"20250228PHYYBI0QZJ3T";1;2;2
"2116010036";"2501";01/01/2025 00:00:00;31/01/2025 00:00:00;16,420000;24615969,980000;24624604,680000;8651,120000;"M";"20171004OK5TX00OR12O";"CLIENTES - RECEBIMENTOS";"22227";"20250228PHYYBI0QZJ3T";1;2;2
"2116010042";"2501";01/01/2025 00:00:00;31/01/2025 00:00:00;2429364,750000;0,000000;0,000000;2429364,750000;"M";"20190411TAB85I0R45RW";"ADIANTAMENTO DE CLIENTES - CBE";"22233";"20250228PHYYBI0QZJ3T";1;2;2
"2117";"2501";01/01/2025 00:00:00;31/01/2025 00:00:00;16138176,850000;5045101,040000;0,000000;11093075,810000;"M";"20171004OK5TX00OR12T";"CONTA CORRENTE";"22250";"20250228PHYYBI0QZJ3T";1;1;2
"211701";"2501";01/01/2025 00:00:00;31/01/2025 00:00:00;16138176,850000;5045101,040000;0,000000;11093075,810000;"M";"20171004OK5TX00OR12U";"CONTA CORRENTE";"22251";"20250228PHYYBI0QZJ3T";1;1;2
"2117010014";"2501";01/01/2025 00:00:00;31/01/2025 00:00:00;974475,100000;752782,770000;0,000000;221692,330000;"M";"20171004OK5TX00OR138";"PALLAS OPERADORA TURÍSTICA LTDA";"22265";"20250228PHYYBI0QZJ3T";1;2;2
"2117010025";"2501";01/01/2025 00:00:00;31/01/2025 00:00:00;8453701,750000;0,000000;0,000000;8453701,750000;"M";"20171004OK5TX00OR13J";"MUTUO ASA PARTICIPAÇÕES LTDA.";"22276";"20250228PHYYBI0QZJ3T";1;2;2
"2117010028";"2501";01/01/2025 00:00:00;31/01/2025 00:00:00;6710000,000000;4292318,270000;0,000000;2417681,730000;"M";"20171004OK5TX00OR13M";"MUTUO PREMIUM";"22279";"20250228PHYYBI0QZJ3T";1;2;2
"2118";"2501";01/01/2025 00:00:00;31/01/2025 00:00:00;108226,620000;0,000000;0,000000;108226,620000;"M";"20171004OK5TX00OR13N";"PROVISÕES";"22300";"20250228PHYYBI0QZJ3T";1;1;2
"211801";"2501";01/01/2025 00:00:00;31/01/2025 00:00:00;108226,620000;0,000000;0,000000;108226,620000;"M";"20171004OK5TX00OR13O";"PROVISÕES";"22301";"20250228PHYYBI0QZJ3T";1;1;2
"2118010004";"2501";01/01/2025 00:00:00;31/01/2025 00:00:00;91665,210000;0,000000;0,000000;91665,210000;"M";"20171004OK5TX00OR13S";"PROVISÃO S/FÉRIAS";"22305";"20250228PHYYBI0QZJ3T";1;2;2
"2118010005";"2501";01/01/2025 00:00:00;31/01/2025 00:00:00;3948,810000;0,000000;0,000000;3948,810000;"M";"20171004OK5TX00OR13T";"PROVISÃO FGTS S/FERIAS";"22306";"20250228PHYYBI0QZJ3T";1;2;2
"2118010006";"2501";01/01/2025 00:00:00;31/01/2025 00:00:00;12612,600000;0,000000;0,000000;12612,600000;"M";"20171004OK5TX00OR13U";"PROVISÃO INSS S/ FÉRIAS";"22307";"20250228PHYYBI0QZJ3T";1;2;2
"22";"2501";01/01/2025 00:00:00;31/01/2025 00:00:00;12112,460000;0,000000;0,000000;12112,460000;"M";"20171004OK5TX00OR13W";"PASSIVO NÃO CIRCULANTE";"22320";"20250228PHYYBI0QZJ3T";1;1;2
"2202";"2501";01/01/2025 00:00:00;31/01/2025 00:00:00;12112,460000;0,000000;0,000000;12112,460000;"M";"20171004OK5TX00OR15J";"OBRIGAÇÕES DE INTERMEDIAÇÃO DE CONTRATOS";"22450";"20250228PHYYBI0QZJ3T";1;1;2
"220203";"2501";01/01/2025 00:00:00;31/01/2025 00:00:00;12112,460000;0,000000;0,000000;12112,460000;"M";"20240429TAB85010D2I8";"PROVISÕES PARA CONTINGÊNCIA";"22556";"20250228PHYYBI0QZJ3T";1;1;2
"2202030002";"2501";01/01/2025 00:00:00;31/01/2025 00:00:00;12112,460000;0,000000;0,000000;12112,460000;"M";"20240429TAB85010I4FJ";"PROVISÃO PARA CONTINGÊNCIA TRIBUTÁRIA";"22553";"20250228PHYYBI0QZJ3T";1;2;2
"23";"2501";01/01/2025 00:00:00;31/01/2025 00:00:00;1605152,730000;4270123,850000;1590123,850000;-1074847,270000;"M";"20171004OK5TX00OR17E";"PATRIMÔNIO LIQUIDO";"22600";"20250228PHYYBI0QZJ3T";1;1;2
"2301";"2501";01/01/2025 00:00:00;31/01/2025 00:00:00;700000,000000;0,000000;0,000000;700000,000000;"M";"20171004OK5TX00OR17F";"CAPITAL SOCIAL";"22601";"20250228PHYYBI0QZJ3T";1;1;2
"230101";"2501";01/01/2025 00:00:00;31/01/2025 00:00:00;700000,000000;0,000000;0,000000;700000,000000;"M";"20171004OK5TX00OR17G";"CAPITAL SOCIAL";"22602";"20250228PHYYBI0QZJ3T";1;1;2
"2301010001";"2501";01/01/2025 00:00:00;31/01/2025 00:00:00;700000,000000;0,000000;0,000000;700000,000000;"M";"20171004OK5TX00OR17H";"CAPITAL SOCIAL INTEGRALIZADO";"22603";"20250228PHYYBI0QZJ3T";1;2;2
"2303";"2501";01/01/2025 00:00:00;31/01/2025 00:00:00;656605,380000;2980000,000000;300000,000000;-2023394,620000;"M";"20171004OK5TX00OR17Q";"RESERVA DE LUCROS";"22612";"20250228PHYYBI0QZJ3T";1;1;2
"230301";"2501";01/01/2025 00:00:00;31/01/2025 00:00:00;656605,380000;2980000,000000;300000,000000;-2023394,620000;"M";"20171004OK5TX00OR17R";"RESERVAS DE LUCROS";"22613";"20250228PHYYBI0QZJ3T";1;1;2
"2303010003";"2501";01/01/2025 00:00:00;31/01/2025 00:00:00;656605,380000;0,000000;0,000000;656605,380000;"M";"20171004OK5TX00OR17U";"RESERVAS DE LUCROS A REALIZAR";"22616";"20250228PHYYBI0QZJ3T";1;2;2
"2303010021";"2502";01/02/2025 00:00:00;28/02/2025 00:00:00;0,000000;2980000,000000;300000,000000;-2680000,000000;"M";"20171004OK5TX00OR18C";"DISTRIBUIÇÃO POR CONTA DE LUCROS";"22634";"20250228PHYYBI0QZU6J";1;2;2
"2304";"2501";01/01/2025 00:00:00;31/01/2025 00:00:00;-1041576,500000;0,000000;1290123,850000;248547,350000;"M";"20171004OK5TX00OR18F";"LUCROS OU PREJUIZOS ACUMULADOS";"22650";"20250228PHYYBI0QZJ3T";1;1;2
"230401";"2501";01/01/2025 00:00:00;31/01/2025 00:00:00;-1041576,500000;0,000000;1290123,850000;248547,350000;"M";"20171004OK5TX00OR18G";"LUCROS / PREJUIZOS ACUMULADOS";"22651";"20250228PHYYBI0QZJ3T";1;1;2
"2304010001";"2501";01/01/2025 00:00:00;31/01/2025 00:00:00;0,000000;0,000000;248547,350000;248547,350000;"M";"20171004OK5TX00OR18H";"LUCROS ACUMULADOS";"22652";"20250228PHYYBI0QZJ3T";1;2;2
"2304010002";"2501";01/01/2025 00:00:00;31/01/2025 00:00:00;-1041576,500000;0,000000;1041576,500000;0,000000;"M";"20171004OK5TX00OR18I";"( - ) PREJUIZOS ACUMULADOS";"22653";"20250228PHYYBI0QZJ3T";1;2;2
"2305";"2501";01/01/2025 00:00:00;31/01/2025 00:00:00;1290123,850000;1290123,850000;0,000000;0,000000;"M";"20171004OK5TX00OR18K";"RESULTADO DO EXERCÍCIO";"22655";"20250228PHYYBI0QZJ3T";1;1;2
"230501";"2501";01/01/2025 00:00:00;31/01/2025 00:00:00;1290123,850000;1290123,850000;0,000000;0,000000;"M";"20171004OK5TX00OR18L";"RESULTADO DO EXERCÍCIO";"22656";"20250228PHYYBI0QZJ3T";1;1;2
"2305010003";"2501";01/01/2025 00:00:00;31/01/2025 00:00:00;1290123,850000;1290123,850000;0,000000;0,000000;"M";"20171004OK5TX00OR18O";"RESULTADO DO EXERCICIO";"22659";"20250228PHYYBI0QZJ3T";1;2;2
"3";"2501";01/01/2025 00:00:00;31/01/2025 00:00:00;0,000000;833617,830000;6153628,430000;5320010,600000;"M";"20171004OK5TX00OR18V";"RECEITAS";"3000";"20250228PHYYBI0QZJ3T";1;1;2
"31";"2501";01/01/2025 00:00:00;31/01/2025 00:00:00;0,000000;338617,690000;5347998,140000;5009380,450000;"M";"20171004OK5TX00OR18W";"RECEITA BRUTA DE SERVIÇOS";"3001";"20250228PHYYBI0QZJ3T";1;1;2
"3101";"2501";01/01/2025 00:00:00;31/01/2025 00:00:00;0,000000;338617,690000;5347998,140000;5009380,450000;"M";"20171004OK5TX00OR18X";"RECEITAS OPERACIONAIS";"3002";"20250228PHYYBI0QZJ3T";1;1;2
"310101";"2501";01/01/2025 00:00:00;31/01/2025 00:00:00;0,000000;0,000000;5347998,140000;5347998,140000;"M";"20171004OK5TX00OR18Y";"RECEITA SOBRE SERVIÇOS";"3003";"20250228PHYYBI0QZJ3T";1;1;2
"3101010002";"2501";01/01/2025 00:00:00;31/01/2025 00:00:00;0,000000;0,000000;5347998,140000;5347998,140000;"M";"20171004OK5TX00OR190";"PRESTAÇÃO DE SERVIÇOS";"3005";"20250228PHYYBI0QZJ3T";1;2;2
"310103";"2501";01/01/2025 00:00:00;31/01/2025 00:00:00;0,000000;338617,690000;0,000000;-338617,690000;"M";"20171004OK5TX00OR1BD";"DEDUÇÕES DAS RECEITAS";"3150";"20250228PHYYBI0QZJ3T";1;1;2
"3101030001";"2501";01/01/2025 00:00:00;31/01/2025 00:00:00;0,000000;267273,800000;0,000000;-267273,800000;"M";"20171004OK5TX00OR1BE";"( - ) ISS - IMPOSTO SOBRE SERVIÇOS";"3151";"20250228PHYYBI0QZJ3T";1;2;2
"3101030002";"2504";01/04/2025 00:00:00;30/04/2025 00:00:00;0,000000;12696,860000;0,000000;-12696,860000;"M";"20171004OK5TX00OR1BF";"( - ) PIS S/ SERVIÇOS";"3152";"20250626TCBOOS1DMLNX";1;2;2
"3101030003";"2504";01/04/2025 00:00:00;30/04/2025 00:00:00;0,000000;58647,030000;0,000000;-58647,030000;"M";"20171004OK5TX00OR1BG";"( - ) COFINS S/ SERVIÇOS";"3153";"20250626TCBOOS1DMLNX";1;2;2
"32";"2501";01/01/2025 00:00:00;31/01/2025 00:00:00;0,000000;495000,140000;805630,290000;310630,150000;"M";"20171004OK5TX00OR1BN";"OUTRAS RECEITAS";"3200";"20250228PHYYBI0QZJ3T";1;1;2
"3201";"2501";01/01/2025 00:00:00;31/01/2025 00:00:00;0,000000;0,140000;186463,580000;186463,440000;"M";"20171004OK5TX00OR1BO";"OUTRAS RECEITAS";"3201";"20250228PHYYBI0QZJ3T";1;1;2
"320101";"2501";01/01/2025 00:00:00;31/01/2025 00:00:00;0,000000;0,140000;186463,580000;186463,440000;"M";"20171004OK5TX00OR1BP";"RECEITAS FINANCEIRAS";"3202";"20250228PHYYBI0QZJ3T";1;1;2
"3201010003";"2512";01/12/2025 00:00:00;31/12/2025 00:00:00;0,000000;0,000000;39854,810000;39854,810000;"M";"20171004OK5TX00OR1BS";"RENDIMENTO DE APLICAÇÕES FINANCEIRAS";"3205";"20251218TAWMZN0PFUOJ";1;2;2
"3201010005";"2501";01/01/2025 00:00:00;31/01/2025 00:00:00;0,000000;0,000000;50,030000;50,030000;"M";"20171004OK5TX00OR1BU";"DESCONTOS OBTIDOS";"3207";"20250228PHYYBI0QZJ3T";1;2;2
"3201010006";"2501";01/01/2025 00:00:00;31/01/2025 00:00:00;0,000000;0,140000;146558,740000;146558,600000;"M";"20171004OK5TX00OR1BV";"OUTRAS RECEITAS FINANCEIRAS";"3208";"20250228PHYYBI0QZJ3T";1;2;2
"3202";"2506";01/06/2025 00:00:00;30/06/2025 00:00:00;0,000000;495000,000000;619166,710000;124166,710000;"M";"20171004OK5TX00OR1BW";"OUTRAS RECEITAS NÃO OPERACIONAIS";"3249";"20250626TCBOOS1DNFWR";1;1;2
"320202";"2506";01/06/2025 00:00:00;30/06/2025 00:00:00;0,000000;495000,000000;619166,710000;124166,710000;"M";"20171004OK5TX00OR1BX";"OUTRAS RECEITAS NÃO OPERACIONAIS";"3250";"20250626TCBOOS1DNFWR";1;1;2
"3202020001";"2506";01/06/2025 00:00:00;30/06/2025 00:00:00;0,000000;495000,000000;619166,710000;124166,710000;"M";"20171004OK5TX00OR1BY";"VENDAS DE BENS DO ATIVO IMOBILIZADO";"3251";"20250626TCBOOS1DNFWR";1;2;2
"4";"2501";01/01/2025 00:00:00;31/01/2025 00:00:00;0,000000;4246819,930000;785218,270000;3461601,660000;"M";"20171004OK5TX00OR1DG";"CUSTO E DESPESAS";"4000";"20250228PHYYBI0QZJ3T";1;1;1
"42";"2501";01/01/2025 00:00:00;31/01/2025 00:00:00;0,000000;4246819,930000;785218,270000;3461601,660000;"M";"20171004OK5TX00OR1FE";"DESPESAS";"4200";"20250228PHYYBI0QZJ3T";1;1;1
"4201";"2501";01/01/2025 00:00:00;31/01/2025 00:00:00;0,000000;4043645,690000;750782,890000;3292862,800000;"M";"20171004OK5TX00OR1FF";"DESPESAS GERAIS";"4201";"20250228PHYYBI0QZJ3T";1;1;1
"420101";"2501";01/01/2025 00:00:00;31/01/2025 00:00:00;0,000000;1515356,310000;109719,200000;1405637,110000;"M";"20171004OK5TX00OR1FG";"DESPESAS ADMINISTRATIVAS";"4202";"20250228PHYYBI0QZJ3T";1;1;1
"4201010004";"2501";01/01/2025 00:00:00;31/01/2025 00:00:00;0,000000;235763,240000;0,000000;235763,240000;"M";"20171004OK5TX00OR1FK";"ALUGUEL DE IMÓVEIS";"4206";"20250228PHYYBI0QZJ3T";1;2;1
"4201010007";"2502";01/02/2025 00:00:00;28/02/2025 00:00:00;0,000000;136338,400000;60328,740000;76009,660000;"M";"20171004OK5TX00OR1FN";"ASSINATURAS";"4209";"20250228PHYYBI0QZU6J";1;2;1
"4201010011";"2501";01/01/2025 00:00:00;31/01/2025 00:00:00;0,000000;2960,000000;0,000000;2960,000000;"M";"20171004OK5TX00OR1FR";"ASSOCIAÇÕES E CLUBES";"4213";"20250228PHYYBI0QZJ3T";1;2;1
"4201010013";"2508";01/08/2025 00:00:00;31/08/2025 00:00:00;0,000000;1400,000000;0,000000;1400,000000;"M";"20171004OK5TX00OR1FT";"CARTORIOS";"4215";"20250826TCBOOH12IEZK";1;2;1
"4201010017";"2501";01/01/2025 00:00:00;31/01/2025 00:00:00;0,000000;320,400000;0,000000;320,400000;"M";"20171004OK5TX00OR1FX";"CONDUÇÃO";"4219";"20250228PHYYBI0QZJ3T";1;2;1
"4201010018";"2503";01/03/2025 00:00:00;31/03/2025 00:00:00;0,000000;9000,000000;0,000000;9000,000000;"M";"20171004OK5TX00OR1FY";"CONGRESSOS E EVENTOS";"4220";"20250428VZYUW511CXDL";1;2;1
"4201010021";"2512";01/12/2025 00:00:00;31/12/2025 00:00:00;0,000000;24000,000000;0,000000;24000,000000;"M";"20171004OK5TX00OR1G1";"CONTRIBUIÇÃO PATRONAL";"4223";"20251218TAWMZN0PFUOJ";1;2;1
"4201010024";"2501";01/01/2025 00:00:00;31/01/2025 00:00:00;0,000000;59641,000000;13922,190000;45718,810000;"M";"20171004OK5TX00OR1G4";"INTERNET E TELEFONE";"4226";"20250228PHYYBI0QZJ3T";1;2;1
"4201010026";"2507";01/07/2025 00:00:00;31/07/2025 00:00:00;0,000000;24769,820000;0,000000;24769,820000;"M";"20171004OK5TX00OR1G6";"DESP. LEGAIS E JUDICIAIS";"4228";"20250826TCBOOH12I1YF";1;2;1
"4201010028";"2501";01/01/2025 00:00:00;31/01/2025 00:00:00;0,000000;14383,230000;0,000000;14383,230000;"M";"20171004OK5TX00OR1G8";"DESPESA SEGUROS";"4230";"20250228PHYYBI0QZJ3T";1;2;1
"4201010032";"2502";01/02/2025 00:00:00;28/02/2025 00:00:00;0,000000;62252,410000;12755,110000;49497,300000;"M";"20171004OK5TX00OR1GC";"DESPESAS COM CARTÃO";"4234";"20250228PHYYBI0QZU6J";1;2;1
"4201010037";"2505";01/05/2025 00:00:00;31/05/2025 00:00:00;0,000000;3318,000000;0,000000;3318,000000;"M";"20171004OK5TX00OR1GH";"DESPESAS COM UNIFORMES";"4239";"20250626TCBOOS1DN1C3";1;2;1
"4201010044";"2506";01/06/2025 00:00:00;30/06/2025 00:00:00;0,000000;3100,000000;0,000000;3100,000000;"M";"20171004OK5TX00OR1GO";"FRETES E CARRETOS";"4246";"20250626TCBOOS1DNFWR";1;2;1
"4201010047";"2504";01/04/2025 00:00:00;30/04/2025 00:00:00;0,000000;70401,710000;1411,300000;68990,410000;"M";"20171004OK5TX00OR1GR";"IMPOSTOS E TAXAS";"4249";"20250626TCBOOS1DMLNX";1;2;1
"4201010061";"2501";01/01/2025 00:00:00;31/01/2025 00:00:00;0,000000;20734,160000;2350,000000;18384,160000;"M";"20171004OK5TX00OR1H5";"MATERIAL DE ESCRITÓRIO";"4263";"20250228PHYYBI0QZJ3T";1;2;1
"4201010062";"2501";01/01/2025 00:00:00;31/01/2025 00:00:00;0,000000;75588,830000;8434,930000;67153,900000;"M";"20171004OK5TX00OR1H6";"MATERIAL DE INFORMATICA";"4264";"20250228PHYYBI0QZJ3T";1;2;1
"4201010063";"2501";01/01/2025 00:00:00;31/01/2025 00:00:00;0,000000;3344,140000;0,000000;3344,140000;"M";"20171004OK5TX00OR1H7";"MATERIAL DE USO E CONSUMO";"4265";"20250228PHYYBI0QZJ3T";1;2;1
"4201010066";"2502";01/02/2025 00:00:00;28/02/2025 00:00:00;0,000000;19312,810000;5016,930000;14295,880000;"M";"20171004OK5TX00OR1HA";"PROPAGANDA E PUBLICIDADE";"4268";"20250228PHYYBI0QZU6J";1;2;1
"4201010069";"2501";01/01/2025 00:00:00;31/01/2025 00:00:00;0,000000;334053,570000;0,000000;334053,570000;"M";"20171004OK5TX00OR1HD";"RATEIO CSC";"4271";"20250228PHYYBI0QZJ3T";1;2;1
"4201010072";"2502";01/02/2025 00:00:00;28/02/2025 00:00:00;0,000000;131288,600000;0,000000;131288,600000;"M";"20171004OK5TX00OR1HG";"ROYALTIES";"4274";"20250228PHYYBI0QZU6J";1;2;1
"4201010078";"2501";01/01/2025 00:00:00;31/01/2025 00:00:00;0,000000;113261,580000;5500,000000;107761,580000;"M";"20171004OK5TX00OR1HM";"SERVIÇOS DE TERCEIROS PJ";"4280";"20250228PHYYBI0QZJ3T";1;2;1
"4201010080";"2501";01/01/2025 00:00:00;31/01/2025 00:00:00;0,000000;1649,320000;0,000000;1649,320000;"M";"20171004OK5TX00OR1HO";"SERVIÇOS DE CONSULTORIA JURIDICA";"4282";"20250228PHYYBI0QZJ3T";1;2;1
"4201010087";"2502";01/02/2025 00:00:00;28/02/2025 00:00:00;0,000000;30711,060000;0,000000;30711,060000;"M";"20171004OK5TX00OR1HV";"VIAGENS E ESTADIAS";"4289";"20250228PHYYBI0QZU6J";1;2;1
"4201010114";"2501";01/01/2025 00:00:00;31/01/2025 00:00:00;0,000000;137764,030000;0,000000;137764,030000;"M";"20180413OK5TXD14T6WT";"DESPESAS COM DEPRECIAÇÃO";"4520";"20250228PHYYBI0QZJ3T";1;2;1
"420102";"2501";01/01/2025 00:00:00;31/01/2025 00:00:00;0,000000;2528289,380000;641063,690000;1887225,690000;"M";"20171004OK5TX00OR1HW";"DESPESA COM PESSOAL";"4300";"20250228PHYYBI0QZJ3T";1;1;1
"4201020001";"2501";01/01/2025 00:00:00;31/01/2025 00:00:00;0,000000;1045375,990000;426741,060000;618634,930000;"M";"20171004OK5TX00OR1HX";"SALARIOS";"4301";"20250228PHYYBI0QZJ3T";1;2;1
"4201020005";"2503";01/03/2025 00:00:00;31/03/2025 00:00:00;0,000000;91627,930000;35506,530000;56121,400000;"M";"20171004OK5TX00OR1I1";"FÉRIAS";"4305";"20250428VZYUW511CXDL";1;2;1
"4201020006";"2504";01/04/2025 00:00:00;30/04/2025 00:00:00;0,000000;79640,710000;0,000000;79640,710000;"M";"20171004OK5TX00OR1I2";"DECIMO TERCEIRO";"4306";"20250626TCBOOS1DMLNX";1;2;1
"4201020008";"2508";01/08/2025 00:00:00;31/08/2025 00:00:00;0,000000;0,000000;119,000000;-119,000000;"M";"20171004OK5TX00OR1I4";"INDENIZAÇÕES TRABALHISTAS";"4308";"20250826TCBOOH12IEZK";1;2;1
"4201020011";"2501";01/01/2025 00:00:00;31/01/2025 00:00:00;0,000000;9222,970000;0,000000;9222,970000;"M";"20171004OK5TX00OR1I7";"OUTRAS DESPESAS C/ PESSOAL";"4311";"20250228PHYYBI0QZJ3T";1;2;1
"4201020013";"2501";01/01/2025 00:00:00;31/01/2025 00:00:00;0,000000;9000,000000;0,000000;9000,000000;"M";"20171004OK5TX00OR1I9";"PREMIOS E GRATIFICAÇÕES";"4313";"20250228PHYYBI0QZJ3T";1;2;1
"4201020022";"2501";01/01/2025 00:00:00;31/01/2025 00:00:00;0,000000;42141,880000;0,000000;42141,880000;"M";"20171004OK5TX00OR1II";"TRIENIO";"4322";"20250228PHYYBI0QZJ3T";1;2;1
"4201020027";"2501";01/01/2025 00:00:00;31/01/2025 00:00:00;0,000000;50288,890000;11822,250000;38466,640000;"M";"20171004OK5TX00OR1IN";"VALE TRANSPORTE";"4327";"20250228PHYYBI0QZJ3T";1;2;1
"4201020028";"2501";01/01/2025 00:00:00;31/01/2025 00:00:00;0,000000;91261,910000;551,000000;90710,910000;"M";"20171004OK5TX00OR1IO";"VALE REFEIÇÃO";"4328";"20250228PHYYBI0QZJ3T";1;2;1
"4201020030";"2501";01/01/2025 00:00:00;31/01/2025 00:00:00;0,000000;35800,000000;0,000000;35800,000000;"M";"20171004OK5TX00OR1IQ";"CURSOS E TREINAMENTOS";"4330";"20250228PHYYBI0QZJ3T";1;2;1
"4201020032";"2508";01/08/2025 00:00:00;31/08/2025 00:00:00;0,000000;2520,140000;0,000000;2520,140000;"M";"20171004OK5TX00OR1IS";"UNIFORMES";"4332";"20250826TCBOOH12IEZK";1;2;1
"4201020033";"2501";01/01/2025 00:00:00;31/01/2025 00:00:00;0,000000;339593,030000;134388,700000;205204,330000;"M";"20171004OK5TX00OR1IT";"INSS";"4333";"20250228PHYYBI0QZJ3T";1;2;1
"4201020034";"2501";01/01/2025 00:00:00;31/01/2025 00:00:00;0,000000;104315,930000;31935,150000;72380,780000;"M";"20171004OK5TX00OR1IU";"FGTS";"4334";"20250228PHYYBI0QZJ3T";1;2;1
"4201020048";"2501";01/01/2025 00:00:00;31/01/2025 00:00:00;0,000000;627500,000000;0,000000;627500,000000;"M";"20250312VZYUWU0XYLGA";"COLABORADORES PJ";"4339";"20250228PHYYBI0QZJ3T";1;2;1
"4203";"2501";01/01/2025 00:00:00;31/01/2025 00:00:00;0,000000;19098,910000;2236,080000;16862,830000;"M";"20171004OK5TX00OR1K2";"DESPESAS TRIBUTÁRIAS";"4400";"20250228PHYYBI0QZJ3T";1;1;1
"420301";"2501";01/01/2025 00:00:00;31/01/2025 00:00:00;0,000000;19098,910000;2236,080000;16862,830000;"M";"20171004OK5TX00OR1K3";"DESPESAS TRIBUTARIAS";"4401";"20250228PHYYBI0QZJ3T";1;1;1
"4203010001";"2501";01/01/2025 00:00:00;31/01/2025 00:00:00;0,000000;19098,910000;2236,080000;16862,830000;"M";"20171004OK5TX00OR1K4";"IMPOSTOS E TAXAS";"4402";"20250228PHYYBI0QZJ3T";1;2;1
"4204";"2501";01/01/2025 00:00:00;31/01/2025 00:00:00;0,000000;184075,330000;32199,300000;151876,030000;"M";"20171004OK5TX00OR1KA";"DESPESAS FINANCEIRAS";"4450";"20250228PHYYBI0QZJ3T";1;1;1
"420401";"2501";01/01/2025 00:00:00;31/01/2025 00:00:00;0,000000;184075,330000;32199,300000;151876,030000;"M";"20171004OK5TX00OR1KB";"DESPESAS FINANCEIRAS";"4451";"20250228PHYYBI0QZJ3T";1;1;1
"4204010004";"2501";01/01/2025 00:00:00;31/01/2025 00:00:00;0,000000;26915,260000;9791,130000;17124,130000;"M";"20171004OK5TX00OR1KF";"JUROS E MULTAS";"4455";"20250228PHYYBI0QZJ3T";1;2;1
"4204010005";"2501";01/01/2025 00:00:00;31/01/2025 00:00:00;0,000000;48042,130000;22408,170000;25633,960000;"M";"20171004OK5TX00OR1KG";"DESPESAS BANCÁRIAS";"4456";"20250228PHYYBI0QZJ3T";1;2;1
"4204010007";"2501";01/01/2025 00:00:00;31/01/2025 00:00:00;0,000000;1200,140000;0,000000;1200,140000;"M";"20171004OK5TX00OR1KI";"DESPESAS COM IOF";"4458";"20250228PHYYBI0QZJ3T";1;2;1
"4204010010";"2501";01/01/2025 00:00:00;31/01/2025 00:00:00;0,000000;107917,800000;0,000000;107917,800000;"M";"20171004OK5TX00OR1KL";"DESCONTOS CONCEDIDOS";"4461";"20250228PHYYBI0QZJ3T";1;2;1
